listing_id,make,model_year,mileage_km,city,condition_grade,photos_count,days_on_platform,listed_month,sale_price_sar
L00001,Hyundai,2017,172300,Riyadh,good,18,73,2024-05,37800
L00002,Nissan,2021,109700,Makkah,good,22,67,2024-10,39300
L00003,Nissan,2025,500,Jeddah,good,14,53,2024-03,74800
L00004,Mazda,2020,119100,Jeddah,excellent,16,84,2024-08,40700
L00005,Hyundai,2021,95500,Jeddah,excellent,9,86,2025-06,61700
L00006,Nissan,2022,56300,Jeddah,excellent,13,7,2025-10,43200
L00007,Kia,2013,287200,Dammam,good,14,34,2024-12,11900
L00008,Hyundai,2015,251600,Riyadh,excellent,5,35,2025-08,39400
L00009,Toyota,2011,201400,Riyadh,good,13,10,2024-07,15200
L00010,Toyota,2024,33800,Riyadh,good,11,75,2025-06,51000
L00011,Lexus,2009,370400,Riyadh,good,8,43,2025-01,35000
L00012,Nissan,2011,227900,Riyadh,good,13,49,2024-09,9500
L00013,Toyota,2025,14100,Riyadh,fair,3,28,2025-01,69600
L00014,Hyundai,2022,79500,Makkah,excellent,18,9,2025-03,45700
L00015,Chevrolet,2021,88300,Madinah,excellent,4,59,2025-02,34400
L00016,Toyota,2009,288400,Riyadh,excellent,11,40,2024-08,9000
L00017,Chevrolet,2017,187600,Dammam,fair,13,63,2025-09,29900
L00018,Nissan,2016,218300,Dammam,fair,14,9,2025-07,17400
L00019,Hyundai,2025,22000,Riyadh,good,19,59,2024-06,71600
L00020,Kia,2025,22400,Jeddah,excellent,20,78,2024-09,86200
L00021,Hyundai,2018,140800,Dammam,excellent,10,39,2025-07,33300
L00022,Toyota,2010,384000,Riyadh,good,18,84,2025-05,11600
L00023,Ford,2012,279400,Riyadh,excellent,17,43,2024-01,12100
L00024,Hyundai,2010,320700,Riyadh,good,23,83,2025-03,17600
L00025,Toyota,2019,114400,Riyadh,excellent,24,24,2024-02,49500
L00026,Ford,2018,151400,Dammam,excellent,9,56,2024-04,32200
L00027,Hyundai,2024,18500,Jeddah,excellent,17,22,2024-02,58200
L00028,Hyundai,2016,172700,Dammam,good,13,51,2025-06,40700
L00029,Ford,2011,268200,Jeddah,good,16,12,2025-01,15200
L00030,Toyota,2009,304300,Jeddah,excellent,12,55,2024-04,16300
L00031,Kia,2022,89500,Jeddah,good,4,75,2025-01,74200
L00032,Toyota,2017,192100,Riyadh,good,6,66,2024-10,36200
L00033,Kia,2008,382400,Madinah,fair,8,33,2024-12,8000
L00034,Chevrolet,2017,154800,Riyadh,good,16,13,2024-06,31900
L00035,Nissan,2013,231000,Dammam,excellent,24,54,2024-05,20700
L00036,Toyota,2024,36500,Riyadh,good,3,58,2024-12,45300
L00037,Nissan,2017,181800,Riyadh,good,10,71,2025-02,22700
L00038,Kia,2021,118800,Jeddah,good,6,24,2024-06,29100
L00039,Ford,2025,19300,Riyadh,excellent,18,53,2024-12,59300
L00040,Toyota,2015,201500,Makkah,fair,21,9,2025-07,27000
L00041,Toyota,2021,62200,Riyadh,fair,15,88,2024-06,54700
L00042,Ford,2020,70600,Dammam,good,10,25,2024-09,26900
L00043,Ford,2009,343800,Riyadh,good,21,37,2024-05,9900
L00044,Nissan,2021,118700,Jeddah,fair,9,32,2024-05,52500
L00045,Mercedes,2011,259500,Makkah,excellent,21,61,2024-03,52500
L00046,Hyundai,2010,276500,Dammam,excellent,16,52,2024-09,12500
L00047,Nissan,2020,127200,Riyadh,good,8,77,2025-09,31400
L00048,Nissan,2011,282900,Dammam,fair,3,76,2024-01,11000
L00049,Kia,2015,128500,Jeddah,good,7,5,2024-04,16800
L00050,Chevrolet,2019,123500,Jeddah,excellent,6,28,2025-10,38600
L00051,Toyota,2009,345500,Dammam,fair,11,18,2025-03,8000
L00052,Lexus,2017,121200,Riyadh,excellent,23,29,2024-07,74500
L00053,Nissan,2016,176100,Dammam,excellent,16,36,2025-05,24200
L00054,Kia,2020,82100,Jeddah,excellent,17,83,2024-01,19900
L00055,Mazda,2008,307900,Jeddah,good,23,69,2025-09,9100
L00056,Mercedes,2024,25300,Riyadh,good,3,37,2025-07,127600
L00057,Toyota,2012,295300,Jeddah,good,13,88,2025-01,17500
L00058,Hyundai,2012,315600,Riyadh,fair,19,21,2025-02,13600
L00059,Kia,2012,251600,Makkah,good,9,72,2024-08,8600
L00060,Toyota,2010,320700,Madinah,excellent,22,83,2025-09,10700
L00061,Mazda,2011,293800,Makkah,fair,4,60,2025-03,11900
L00062,Toyota,2024,32400,Riyadh,good,20,29,2024-06,44800
L00063,Hyundai,2010,290300,Riyadh,good,18,27,2025-06,12100
L00064,Ford,2008,341500,Riyadh,fair,3,71,2024-09,10900
L00065,Nissan,2025,18700,Riyadh,good,19,28,2024-05,146600
L00066,Kia,2016,164300,Dammam,good,24,25,2024-06,26000
L00067,Toyota,2008,364400,Riyadh,good,5,11,2024-07,8800
L00068,Toyota,2021,112200,Dammam,excellent,18,31,2024-12,26200
L00069,Ford,2008,342600,Riyadh,excellent,14,84,2024-08,8000
L00070,Ford,2008,329900,Dammam,excellent,21,78,2025-02,8000
L00071,Kia,2019,118600,Dammam,fair,15,68,2024-08,35000
L00072,Hyundai,2015,235300,Dammam,excellent,23,51,2024-03,28200
L00073,Kia,2024,32700,Dammam,good,22,86,2024-06,53500
L00074,Mazda,2009,389600,Makkah,good,11,12,2024-09,8000
L00075,Toyota,2020,97800,Riyadh,fair,7,67,2024-07,45500
L00076,BMW,2013,260900,Jeddah,fair,16,57,2025-05,87600
L00077,Hyundai,2017,156700,Riyadh,fair,21,49,2025-08,22900
L00078,Nissan,2020,92800,Jeddah,excellent,12,57,2024-02,48100
L00079,Ford,2025,17300,Dammam,excellent,16,69,2024-04,76600
L00080,Lexus,2021,106000,Riyadh,fair,14,0,2024-11,94400
L00081,Mazda,2024,44800,Makkah,good,16,28,2024-07,49800
L00082,Ford,2024,37400,Riyadh,excellent,6,37,2024-04,83700
L00083,Nissan,2016,182100,Riyadh,excellent,14,82,2025-02,18600
L00084,Ford,2015,205900,Dammam,excellent,22,63,2025-06,23800
L00085,Nissan,2015,204700,Riyadh,good,22,27,2025-01,15400
L00086,Lexus,2023,57900,Madinah,good,24,30,2024-02,111500
L00087,Toyota,2009,279200,Riyadh,good,11,1,2025-02,8000
L00088,Toyota,2014,215400,Makkah,fair,10,14,2025-04,19100
L00089,Hyundai,2019,123500,Dammam,good,4,40,2025-02,29600
L00090,Hyundai,2009,350500,Riyadh,excellent,7,2,2024-04,19500
L00091,Toyota,2023,70700,Riyadh,good,10,58,2024-03,65400
L00092,Mercedes,2025,20100,Riyadh,excellent,13,89,2025-08,117900
L00093,BMW,2011,309000,Dammam,good,11,48,2025-01,27900
L00094,Mercedes,2022,129600,Riyadh,good,7,75,2024-03,131600
L00095,Kia,2013,197600,Jeddah,good,9,44,2024-12,15600
L00096,Kia,2015,227000,Madinah,good,7,40,2025-02,21100
L00097,Kia,2015,236700,Riyadh,good,7,73,2025-06,8100
L00098,Ford,2020,110300,Dammam,good,20,3,2025-08,42600
L00099,Nissan,2022,65800,Riyadh,excellent,18,11,2024-08,77800
L00100,Kia,2015,194300,Riyadh,excellent,23,77,2025-05,20600
L00101,Hyundai,2025,4000,Jeddah,good,4,1,2025-08,59000
L00102,Kia,2024,24000,Riyadh,fair,16,39,2025-10,94600
L00103,Toyota,2011,239500,Jeddah,good,13,36,2024-07,8000
L00104,BMW,2013,193700,Dammam,good,19,43,2025-03,45900
L00105,Hyundai,2008,368200,Riyadh,good,4,43,2025-02,12100
L00106,Hyundai,2019,153400,Jeddah,good,22,62,2025-05,33000
L00107,Mercedes,2025,13700,Riyadh,good,9,38,2025-08,192600
L00108,Nissan,2024,36800,Riyadh,fair,22,72,2024-05,87100
L00109,Toyota,2009,340500,Riyadh,excellent,20,48,2024-02,8000
L00110,Nissan,2012,230100,Jeddah,fair,3,79,2025-02,20100
L00111,Toyota,2025,22700,Jeddah,fair,8,57,2024-11,56900
L00112,Toyota,2008,362800,Makkah,excellent,12,31,2024-04,9500
L00113,Mercedes,2021,96200,Makkah,good,12,0,2025-06,143400
L00114,Lexus,2013,242300,Madinah,good,3,58,2025-08,72500
L00115,Ford,2019,116700,Makkah,good,18,81,2024-07,47000
L00116,Kia,2009,362500,Riyadh,good,4,72,2025-01,11200
L00117,Ford,2020,117000,Riyadh,good,7,8,2024-03,55600
L00118,Nissan,2022,106800,Riyadh,good,10,45,2025-04,44000
L00119,Toyota,2008,270400,Riyadh,good,22,67,2025-04,8000
L00120,Toyota,2025,1000,Dammam,good,5,78,2025-05,52700
L00121,Mercedes,2023,35500,Madinah,good,7,87,2025-01,208900
L00122,Nissan,2008,301600,Jeddah,excellent,4,41,2024-12,8000
L00123,Chevrolet,2014,233900,Riyadh,excellent,21,16,2024-02,20400
L00124,Mercedes,2019,137000,Makkah,fair,6,37,2024-05,130000
L00125,Toyota,2020,70900,Riyadh,good,14,33,2025-07,38400
L00126,BMW,2010,308800,Riyadh,good,4,28,2025-01,24500
L00127,Nissan,2012,248700,Dammam,fair,19,43,2024-03,13500
L00128,Chevrolet,2022,75400,Jeddah,good,19,22,2025-10,75000
L00129,Hyundai,2019,136900,Riyadh,excellent,8,70,2025-09,27800
L00130,Nissan,2011,337800,Dammam,good,22,71,2025-09,10000
L00131,Kia,2025,23500,Madinah,excellent,23,26,2024-10,57200
L00132,Lexus,2011,249600,Riyadh,excellent,24,76,2025-09,30600
L00133,Chevrolet,2022,60600,Makkah,excellent,6,23,2024-05,45300
L00134,Toyota,2021,73500,Madinah,good,15,34,2025-09,44400
L00135,Toyota,2019,142300,Riyadh,good,7,2,2024-03,31500
L00136,Mercedes,2019,163100,Madinah,good,24,3,2024-03,123800
L00137,Nissan,2023,50400,Jeddah,excellent,7,39,2024-06,97800
L00138,Toyota,2008,319800,Dammam,fair,23,4,2024-07,8300
L00139,Hyundai,2015,210500,Jeddah,good,21,41,2024-04,23600
L00140,Mercedes,2023,67900,Jeddah,excellent,19,62,2025-10,238600
L00141,Hyundai,2023,59500,Jeddah,good,15,65,2025-10,40900
L00142,Chevrolet,2013,234900,Riyadh,good,8,12,2024-03,15200
L00143,Lexus,2018,127300,Dammam,fair,5,87,2024-03,129000
L00144,Hyundai,2024,25500,Jeddah,excellent,6,30,2024-05,61400
L00145,Hyundai,2013,225000,Jeddah,good,6,12,2024-12,25900
L00146,Hyundai,2023,27600,Riyadh,excellent,12,50,2024-10,57100
L00147,Ford,2014,235800,Madinah,excellent,21,51,2025-08,16300
L00148,Hyundai,2025,25300,Jeddah,excellent,19,78,2024-06,81800
L00149,Hyundai,2016,185700,Madinah,good,5,58,2024-09,34300
L00150,Kia,2019,124400,Jeddah,excellent,7,38,2025-10,46000
L00151,Toyota,2022,80900,Riyadh,good,4,68,2025-10,45900
L00152,BMW,2018,148400,Riyadh,excellent,22,30,2025-09,81600
L00153,Nissan,2024,51000,Riyadh,excellent,6,56,2024-11,88100
L00154,Chevrolet,2009,327600,Dammam,excellent,18,65,2025-01,13200
L00155,Toyota,2011,285300,Riyadh,good,15,23,2025-08,14000
L00156,Toyota,2024,28400,Dammam,good,21,68,2025-05,77200
L00157,Hyundai,2008,320500,Makkah,good,22,46,2024-04,14500
L00158,BMW,2010,270900,Riyadh,excellent,8,18,2024-08,53800
L00159,Hyundai,2021,72400,Jeddah,excellent,10,40,2024-05,42800
L00160,Toyota,2018,154300,Dammam,fair,24,63,2025-01,26600
L00161,Lexus,2012,315600,Makkah,good,14,5,2024-01,23900
L00162,Chevrolet,2014,227700,Makkah,good,18,16,2024-07,26500
L00163,Toyota,2014,305400,Makkah,good,15,70,2024-04,38200
L00164,Ford,2024,28600,Riyadh,good,13,16,2024-01,45100
L00165,Hyundai,2011,289600,Riyadh,good,11,37,2024-04,8000
L00166,Mercedes,2011,252700,Riyadh,excellent,15,27,2025-06,47600
L00167,Chevrolet,2014,208400,Riyadh,good,14,29,2025-02,22900
L00168,Ford,2012,284000,Madinah,excellent,19,36,2025-10,11500
L00169,Toyota,2020,135000,Riyadh,good,12,80,2025-09,63400
L00170,Lexus,2025,13600,Riyadh,good,18,16,2024-04,253100
L00171,Hyundai,2012,309500,Dammam,excellent,9,60,2024-10,17200
L00172,Toyota,2010,298900,Makkah,good,20,32,2025-07,8900
L00173,Kia,2011,267800,Riyadh,good,16,32,2025-03,12600
L00174,Kia,2017,146400,Jeddah,good,5,63,2024-05,24100
L00175,Toyota,2009,381100,Dammam,good,22,83,2025-10,19700
L00176,Hyundai,2016,168200,Jeddah,excellent,15,20,2025-03,22300
L00177,Toyota,2023,60900,Riyadh,excellent,4,30,2024-03,52200
L00178,Hyundai,2025,8000,Madinah,excellent,4,36,2025-04,74800
L00179,Mercedes,2017,195600,Jeddah,fair,11,75,2024-06,87800
L00180,Toyota,2013,212000,Riyadh,fair,13,5,2024-05,17000
L00181,Nissan,2016,198200,Jeddah,good,24,46,2025-10,27100
L00182,Nissan,2017,114400,Jeddah,good,14,35,2025-06,25300
L00183,Mercedes,2010,268300,Madinah,fair,23,40,2024-08,34600
L00184,Nissan,2023,76700,Jeddah,good,8,73,2025-01,61000
L00185,Mazda,2024,43200,Riyadh,excellent,20,42,2024-07,56000
L00186,Toyota,2023,79000,Riyadh,good,15,36,2025-05,72900
L00187,Toyota,2024,42200,Jeddah,excellent,10,70,2025-07,72300
L00188,BMW,2018,164800,Jeddah,excellent,15,34,2025-02,107600
L00189,Toyota,2011,294900,Makkah,good,20,3,2025-06,15600
L00190,Lexus,2014,224000,Riyadh,fair,16,27,2025-01,75300
L00191,Toyota,2023,100700,Jeddah,good,23,30,2025-02,57800
L00192,Hyundai,2024,45100,Jeddah,good,10,8,2024-08,65700
L00193,Mercedes,2021,131800,Dammam,good,16,48,2024-06,142300
L00194,Kia,2012,300500,Madinah,good,21,6,2024-06,19700
L00195,Mazda,2024,22000,Jeddah,excellent,23,35,2024-05,79200
L00196,Hyundai,2021,104600,Madinah,fair,8,29,2024-04,63400
L00197,Mercedes,2022,52000,Riyadh,excellent,23,14,2024-02,97400
L00198,Hyundai,2016,198700,Riyadh,good,21,33,2025-06,23400
L00199,Lexus,2015,259500,Dammam,excellent,19,75,2025-06,47100
L00200,Mercedes,2019,129700,Jeddah,good,6,72,2024-07,104600
L00201,Toyota,2008,355700,Makkah,good,17,39,2025-09,8600
L00202,Toyota,2023,69500,Riyadh,good,16,62,2024-07,49200
L00203,Ford,2018,138900,Riyadh,good,11,52,2024-08,46200
L00204,Mercedes,2015,201400,Jeddah,good,11,71,2024-05,93600
L00205,Chevrolet,2024,40600,Riyadh,excellent,3,63,2025-01,79600
L00206,Toyota,2017,149500,Jeddah,good,19,38,2024-06,19400
L00207,Kia,2008,338800,Riyadh,good,22,57,2024-03,8000
L00208,Toyota,2017,168800,Makkah,good,18,73,2024-02,22100
L00209,Hyundai,2021,111000,Riyadh,excellent,12,10,2024-09,32700
L00210,Mercedes,2021,105400,Makkah,fair,16,36,2024-08,178300
L00211,Ford,2021,80700,Makkah,good,16,5,2025-07,46300
L00212,Lexus,2013,234700,Dammam,good,14,67,2024-06,41900
L00213,Toyota,2020,155000,Madinah,good,8,38,2025-07,38000
L00214,Chevrolet,2022,71800,Riyadh,excellent,7,89,2024-12,63700
L00215,Nissan,2022,61000,Dammam,good,23,61,2025-06,36500
L00216,Ford,2012,303800,Dammam,good,15,12,2024-08,15200
L00217,Toyota,2024,28900,Jeddah,fair,20,81,2025-02,66500
L00218,Nissan,2011,334100,Riyadh,excellent,13,85,2025-05,8700
L00219,Nissan,2014,265500,Dammam,good,19,1,2024-11,17400
L00220,Toyota,2011,233500,Madinah,good,22,83,2024-06,12100
L00221,Toyota,2020,114400,Jeddah,good,18,0,2024-07,39700
L00222,Toyota,2020,148700,Riyadh,good,23,23,2024-07,41700
L00223,Nissan,2025,27000,Riyadh,excellent,24,75,2025-05,74900
L00224,Toyota,2018,157200,Riyadh,excellent,23,3,2025-06,28200
L00225,Hyundai,2023,64400,Dammam,good,9,20,2025-07,71700
L00226,Hyundai,2014,224600,Riyadh,excellent,10,31,2025-07,17100
L00227,Hyundai,2012,257100,Riyadh,fair,17,8,2024-11,14700
L00228,Toyota,2008,360500,Dammam,good,23,86,2025-06,8000
L00229,Toyota,2015,239700,Dammam,excellent,6,49,2025-10,31600
L00230,Ford,2016,194400,Jeddah,good,4,16,2024-12,36100
L00231,Mercedes,2011,306600,Riyadh,good,7,62,2024-09,22100
L00232,Nissan,2023,68000,Riyadh,good,23,80,2024-07,82200
L00233,Mercedes,2008,348600,Riyadh,fair,16,88,2024-11,25300
L00234,Lexus,2025,21600,Riyadh,excellent,9,38,2025-08,285100
L00235,Kia,2019,106600,Riyadh,excellent,10,85,2024-10,29800
L00236,Hyundai,2010,364900,Riyadh,excellent,10,61,2025-07,8000
L00237,Toyota,2018,156600,Jeddah,good,19,56,2025-02,22900
L00238,Hyundai,2009,268700,Makkah,excellent,20,58,2025-04,9600
L00239,BMW,2010,267400,Jeddah,excellent,24,78,2025-03,41000
L00240,Toyota,2015,191700,Dammam,excellent,12,58,2024-01,17800
L00241,Toyota,2023,58500,Riyadh,good,14,65,2025-03,84100
L00242,Lexus,2017,153800,Makkah,excellent,19,49,2024-07,126200
L00243,Nissan,2022,61100,Madinah,good,14,35,2025-08,40700
L00244,Kia,2012,292100,Riyadh,good,14,8,2025-08,18800
L00245,Toyota,2023,44300,Jeddah,good,6,56,2024-03,34300
L00246,Nissan,2012,251300,Jeddah,good,18,72,2025-10,15100
L00247,Toyota,2016,197200,Jeddah,good,4,20,2025-09,24900
L00248,Chevrolet,2009,328700,Riyadh,good,6,51,2025-06,8000
L00249,Nissan,2016,185700,Dammam,excellent,22,65,2025-09,32700
L00250,Kia,2025,15800,Dammam,good,16,86,2024-12,62800
L00251,Chevrolet,2013,310600,Riyadh,excellent,18,87,2025-05,13000
L00252,Kia,2017,195700,Riyadh,fair,7,5,2024-05,24100
L00253,Chevrolet,2022,74400,Riyadh,good,20,56,2024-08,50500
L00254,Chevrolet,2017,157400,Madinah,good,6,19,2025-06,24200
L00255,Lexus,2009,316200,Jeddah,good,18,77,2025-08,73100
L00256,Chevrolet,2016,179900,Jeddah,excellent,18,13,2024-01,25400
L00257,Toyota,2012,250500,Dammam,excellent,14,57,2025-03,20900
L00258,Hyundai,2008,354800,Jeddah,good,17,26,2024-03,10700
L00259,Toyota,2018,170400,Jeddah,good,15,81,2025-05,35100
L00260,BMW,2009,322900,Jeddah,fair,12,18,2025-02,41700
L00261,Toyota,2025,19700,Riyadh,good,16,56,2025-06,94000
L00262,Ford,2023,61700,Riyadh,good,18,51,2024-02,61600
L00263,Hyundai,2012,209600,Madinah,good,24,75,2025-03,16900
L00264,Chevrolet,2010,302000,Riyadh,excellent,20,15,2024-04,17200
L00265,Hyundai,2021,84300,Dammam,good,22,2,2024-06,41400
L00266,Nissan,2014,232800,Makkah,excellent,20,18,2025-09,27900
L00267,Toyota,2022,90900,Riyadh,excellent,14,16,2025-02,101500
L00268,Hyundai,2010,340700,Madinah,fair,10,59,2024-08,9100
L00269,Lexus,2015,185300,Riyadh,good,10,5,2024-12,48900
L00270,Toyota,2010,266700,Jeddah,good,7,71,2024-01,9700
L00271,Kia,2018,173700,Dammam,good,20,30,2024-06,20200
L00272,Toyota,2025,35300,Jeddah,good,17,31,2024-03,51600
L00273,Ford,2014,217700,Dammam,fair,4,58,2024-10,14800
L00274,Hyundai,2012,232700,Riyadh,good,23,54,2025-08,13100
L00275,Lexus,2019,157800,Madinah,excellent,3,13,2025-03,121100
L00276,Mercedes,2012,195900,Dammam,good,13,43,2025-09,33500
L00277,Nissan,2022,101900,Dammam,good,6,3,2024-03,54300
L00278,Ford,2019,144900,Makkah,excellent,16,12,2024-10,39400
L00279,Ford,2014,246500,Riyadh,excellent,20,2,2025-09,23900
L00280,Toyota,2008,322500,Jeddah,good,17,75,2025-10,8300
L00281,Mazda,2014,270900,Madinah,good,16,83,2024-06,16500
L00282,Ford,2013,239400,Riyadh,fair,20,24,2025-10,13400
L00283,Ford,2018,127200,Dammam,fair,19,6,2024-12,38900
L00284,Lexus,2017,157800,Dammam,good,7,0,2025-07,60500
L00285,Ford,2017,205800,Dammam,good,8,2,2024-06,32600
L00286,Ford,2023,65800,Riyadh,good,16,18,2025-03,60900
L00287,Toyota,2025,34500,Riyadh,good,20,60,2025-01,87900
L00288,Hyundai,2017,143600,Riyadh,fair,24,67,2024-12,36500
L00289,Mazda,2019,144500,Jeddah,fair,3,22,2024-11,28200
L00290,Toyota,2008,323400,Riyadh,good,5,16,2024-11,8000
L00291,Chevrolet,2010,234700,Makkah,good,16,66,2024-09,13200
L00292,Toyota,2024,52600,Dammam,good,22,87,2025-06,67900
L00293,Hyundai,2010,260800,Riyadh,excellent,10,41,2025-09,12900
L00294,Nissan,2014,273200,Dammam,excellent,12,0,2025-09,19700
L00295,Ford,2011,283900,Jeddah,excellent,8,11,2024-08,11200
L00296,Hyundai,2021,104300,Madinah,fair,12,50,2024-06,40300
L00297,Kia,2025,29600,Riyadh,good,15,87,2024-11,37700
L00298,Toyota,2011,358000,Madinah,excellent,9,73,2025-01,17700
L00299,Nissan,2022,59200,Dammam,excellent,24,21,2025-09,49600
L00300,Lexus,2016,101600,Riyadh,fair,15,83,2025-07,93300
L00301,Hyundai,2009,404300,Madinah,fair,8,86,2024-05,11700
L00302,Hyundai,2017,180100,Dammam,good,24,29,2025-02,47600
L00303,Toyota,2024,60400,Riyadh,excellent,11,22,2024-07,62900
L00304,BMW,2010,253700,Dammam,fair,18,60,2024-04,34700
L00305,BMW,2019,138000,Jeddah,excellent,11,39,2025-06,76700
L00306,Toyota,2025,35800,Jeddah,good,8,85,2024-10,59500
L00307,Mazda,2012,279900,Makkah,good,11,19,2024-01,19600
L00308,Hyundai,2009,265800,Jeddah,excellent,23,39,2025-06,12800
L00309,Ford,2013,329900,Makkah,good,4,53,2025-08,15900
L00310,Lexus,2013,190300,Riyadh,good,19,45,2025-01,35400
L00311,BMW,2015,176000,Makkah,good,20,53,2024-08,109200
L00312,Mercedes,2024,43900,Riyadh,fair,4,87,2025-02,196200
L00313,Ford,2020,109400,Jeddah,excellent,4,28,2025-08,40500
L00314,Kia,2021,99500,Riyadh,good,7,10,2024-03,49900
L00315,Toyota,2024,26800,Dammam,excellent,17,61,2025-10,54500
L00316,Ford,2022,110100,Riyadh,good,15,8,2025-06,37300
L00317,Toyota,2022,72700,Jeddah,excellent,9,89,2025-06,32900
L00318,Ford,2019,122400,Makkah,fair,3,42,2025-10,41500
L00319,Toyota,2011,359800,Riyadh,good,7,3,2024-07,9800
L00320,Chevrolet,2012,298600,Jeddah,good,10,37,2024-04,21100
L00321,Chevrolet,2018,190800,Riyadh,good,7,39,2024-08,34700
L00322,Lexus,2025,18600,Dammam,excellent,15,89,2025-04,260300
L00323,Toyota,2013,232900,Riyadh,good,18,46,2024-08,23000
L00324,Kia,2021,73000,Makkah,good,13,39,2025-07,43500
L00325,BMW,2009,347100,Jeddah,excellent,18,65,2024-02,30400
L00326,Hyundai,2024,55200,Riyadh,good,4,85,2024-10,75100
L00327,Toyota,2021,84600,Riyadh,good,17,11,2024-09,48600
L00328,Toyota,2014,256100,Madinah,excellent,4,64,2025-09,17200
L00329,Mercedes,2020,139700,Dammam,fair,9,6,2024-02,130200
L00330,Ford,2017,148000,Riyadh,good,22,49,2025-02,38800
L00331,Ford,2015,233200,Riyadh,excellent,3,13,2025-06,20900
L00332,Hyundai,2018,152900,Dammam,fair,8,39,2025-08,31600
L00333,Nissan,2017,188200,Jeddah,good,23,55,2024-11,17700
L00334,Toyota,2015,240800,Dammam,fair,19,61,2025-09,26700
L00335,Toyota,2009,281200,Riyadh,good,7,81,2025-07,10000
L00336,Hyundai,2008,385800,Riyadh,good,14,78,2024-08,8400
L00337,Mercedes,2011,269200,Jeddah,fair,24,31,2024-11,36400
L00338,Toyota,2021,88600,Dammam,fair,9,27,2025-01,32600
L00339,Ford,2023,57400,Dammam,fair,22,28,2025-05,100100
L00340,Ford,2011,294000,Makkah,fair,24,51,2025-03,10400
L00341,Chevrolet,2010,237400,Dammam,good,17,53,2024-01,9900
L00342,Mercedes,2015,214600,Riyadh,excellent,3,14,2025-03,39500
L00343,Hyundai,2025,7000,Jeddah,excellent,19,34,2025-08,63100
L00344,Mazda,2014,226600,Riyadh,good,5,29,2025-03,18500
L00345,Nissan,2021,67900,Riyadh,fair,15,72,2024-12,63700
L00346,Nissan,2021,99300,Jeddah,good,7,32,2024-10,48400
L00347,Toyota,2016,234300,Dammam,fair,16,25,2024-08,23100
L00348,Toyota,2013,244100,Jeddah,excellent,4,5,2024-09,22200
L00349,Hyundai,2018,133700,Riyadh,good,14,70,2024-03,44100
L00350,Ford,2011,362800,Riyadh,good,19,48,2024-05,16100
L00351,Hyundai,2023,51000,Riyadh,good,4,33,2024-07,47800
L00352,Ford,2012,250600,Riyadh,good,22,44,2025-07,11900
L00353,Toyota,2023,74600,Jeddah,excellent,15,47,2025-10,62700
L00354,Lexus,2017,162900,Makkah,good,9,23,2024-07,96400
L00355,Mercedes,2017,192500,Riyadh,excellent,10,72,2024-09,94600
L00356,BMW,2022,75000,Jeddah,good,8,89,2025-10,164600
L00357,Hyundai,2017,192100,Jeddah,good,15,81,2024-11,31500
L00358,BMW,2012,240900,Makkah,fair,20,18,2024-09,43000
L00359,Nissan,2020,132200,Jeddah,excellent,23,23,2024-05,39700
L00360,Hyundai,2014,192800,Jeddah,good,12,42,2025-09,23700
L00361,Hyundai,2023,52000,Riyadh,good,16,36,2024-03,67400
L00362,Nissan,2013,321500,Makkah,fair,5,73,2025-04,23100
L00363,Ford,2014,223700,Riyadh,excellent,19,42,2025-07,15800
L00364,BMW,2017,184900,Makkah,excellent,4,46,2024-02,64100
L00365,Toyota,2008,373700,Jeddah,good,4,49,2024-10,8000
L00366,Toyota,2022,74400,Dammam,fair,16,31,2024-03,39100
L00367,Kia,2011,319100,Jeddah,fair,4,10,2025-01,16100
L00368,Toyota,2016,159500,Riyadh,good,11,86,2024-09,23700
L00369,Hyundai,2018,157800,Riyadh,good,16,37,2024-10,19200
L00370,Toyota,2019,131400,Dammam,fair,19,7,2025-08,42500
L00371,Nissan,2010,298800,Riyadh,excellent,3,59,2024-05,13100
L00372,Mercedes,2014,237900,Riyadh,fair,9,29,2025-09,73900
L00373,Lexus,2013,231100,Riyadh,excellent,8,55,2024-10,81400
L00374,Kia,2015,168100,Riyadh,good,22,74,2024-07,15300
L00375,Chevrolet,2021,84800,Riyadh,excellent,5,32,2024-03,55000
L00376,Ford,2009,278300,Dammam,good,15,88,2025-04,9000
L00377,Toyota,2024,35400,Makkah,good,22,22,2024-06,66400
L00378,Chevrolet,2008,332100,Jeddah,excellent,16,28,2025-06,12900
L00379,Nissan,2023,35900,Makkah,fair,8,9,2024-02,64500
L00380,Kia,2008,361600,Makkah,good,15,19,2024-03,10300
L00381,Hyundai,2009,271300,Riyadh,excellent,4,64,2024-09,8000
L00382,Hyundai,2025,6200,Riyadh,good,22,25,2024-06,77200
L00383,Nissan,2012,334300,Riyadh,excellent,9,68,2025-02,20600
L00384,Kia,2010,352600,Makkah,good,9,86,2024-11,22700
L00385,Hyundai,2021,70000,Jeddah,good,19,41,2024-08,48200
L00386,Hyundai,2017,157100,Riyadh,fair,5,44,2025-06,46000
L00387,Toyota,2009,373100,Jeddah,fair,12,21,2025-05,11400
L00388,Mazda,2023,47200,Riyadh,fair,12,71,2025-01,35400
L00389,Hyundai,2024,56200,Makkah,good,7,50,2024-02,46900
L00390,Ford,2013,193100,Jeddah,good,16,68,2024-09,17300
L00391,Mercedes,2008,396800,Jeddah,good,14,52,2025-08,53600
L00392,Hyundai,2022,76000,Riyadh,excellent,10,7,2025-09,45400
L00393,Nissan,2019,146700,Riyadh,excellent,13,19,2024-10,18000
L00394,Toyota,2016,189000,Jeddah,excellent,16,3,2024-05,23700
L00395,Hyundai,2019,141800,Riyadh,excellent,4,12,2025-05,26400
L00396,Hyundai,2008,358200,Riyadh,good,11,72,2025-09,16000
L00397,Nissan,2020,110700,Dammam,excellent,13,51,2025-01,27000
L00398,Mazda,2017,158700,Jeddah,excellent,18,10,2024-08,39300
L00399,Kia,2016,171900,Riyadh,good,6,43,2024-02,28300
L00400,Chevrolet,2021,128400,Riyadh,good,7,55,2025-10,35600
L00401,Mercedes,2008,341400,Jeddah,excellent,24,83,2025-10,20000
L00402,Nissan,2017,179000,Jeddah,excellent,16,73,2024-11,17800
L00403,Mercedes,2024,45100,Dammam,good,13,38,2025-02,160800
L00404,Toyota,2023,75100,Dammam,good,24,51,2025-04,42900
L00405,Nissan,2025,6100,Dammam,good,9,56,2024-04,55300
L00406,Ford,2012,270600,Makkah,excellent,22,14,2024-01,14900
L00407,Kia,2010,285200,Dammam,good,16,69,2024-12,11500
L00408,Ford,2011,279500,Makkah,excellent,9,63,2025-03,17900
L00409,Ford,2019,80900,Jeddah,good,17,2,2024-08,24500
L00410,Hyundai,2015,208000,Jeddah,excellent,6,30,2024-01,23800
L00411,Hyundai,2019,137400,Dammam,excellent,18,56,2024-09,37300
L00412,Ford,2018,140200,Dammam,good,17,43,2024-05,40400
L00413,Ford,2009,313700,Madinah,fair,5,26,2024-10,10600
L00414,Toyota,2012,269300,Riyadh,excellent,20,0,2025-01,22100
L00415,Nissan,2021,118200,Dammam,good,14,85,2025-09,55300
L00416,Nissan,2024,28900,Riyadh,excellent,14,26,2025-05,75900
L00417,Nissan,2009,316600,Makkah,good,24,53,2024-02,12600
L00418,Lexus,2009,308500,Riyadh,fair,7,74,2025-07,40000
L00419,Hyundai,2008,340500,Riyadh,good,20,63,2024-01,8000
L00420,Lexus,2025,29900,Riyadh,good,4,11,2025-09,148100
L00421,Toyota,2014,234000,Dammam,good,6,25,2025-08,13800
L00422,Kia,2018,155100,Makkah,good,19,62,2024-06,35800
L00423,BMW,2011,347500,Makkah,excellent,5,37,2024-02,33900
L00424,Toyota,2009,348700,Dammam,fair,11,5,2025-01,10200
L00425,BMW,2017,160700,Dammam,excellent,8,48,2024-04,94400
L00426,Toyota,2020,85100,Makkah,excellent,5,56,2024-09,29000
L00427,Kia,2013,258000,Madinah,fair,5,28,2025-06,16400
L00428,BMW,2025,35600,Riyadh,good,20,13,2025-03,177300
L00429,Toyota,2025,13400,Riyadh,excellent,12,47,2024-10,105900
L00430,Nissan,2018,116400,Dammam,good,21,65,2024-09,37100
L00431,Mazda,2010,312200,Madinah,good,8,7,2024-02,14100
L00432,BMW,2013,198300,Riyadh,good,11,36,2025-07,33400
L00433,Nissan,2022,87000,Makkah,fair,15,30,2025-10,51100
L00434,Kia,2013,266700,Madinah,good,17,21,2024-04,28700
L00435,Nissan,2019,146400,Jeddah,excellent,21,30,2024-03,37800
L00436,Toyota,2009,264200,Jeddah,excellent,6,17,2024-08,12300
L00437,Hyundai,2008,268600,Riyadh,good,20,11,2024-06,9400
L00438,Kia,2010,279800,Riyadh,excellent,7,28,2025-06,10100
L00439,Toyota,2021,92300,Jeddah,excellent,20,20,2024-05,34000
L00440,Toyota,2025,28400,Riyadh,good,7,77,2025-09,62600
L00441,Toyota,2012,260000,Jeddah,excellent,7,76,2025-04,11400
L00442,Lexus,2025,33200,Riyadh,good,11,61,2025-02,178800
L00443,Ford,2015,214900,Madinah,excellent,13,16,2025-03,25600
L00444,Nissan,2022,79200,Riyadh,good,12,20,2025-09,32700
L00445,Toyota,2021,105500,Riyadh,good,22,60,2024-10,29100
L00446,Toyota,2014,244400,Dammam,fair,18,23,2024-07,24600
L00447,BMW,2025,13600,Dammam,excellent,6,30,2024-05,137100
L00448,Toyota,2018,163800,Dammam,good,8,56,2024-02,26500
L00449,Lexus,2023,46000,Jeddah,fair,11,67,2025-07,145400
L00450,Toyota,2008,346700,Riyadh,excellent,22,79,2024-06,8000
L00451,BMW,2019,153100,Jeddah,excellent,14,56,2025-01,121800
L00452,Nissan,2011,282300,Riyadh,good,15,6,2024-03,39200
L00453,Nissan,2020,124600,Jeddah,excellent,17,34,2024-02,55800
L00454,Hyundai,2021,58300,Riyadh,good,9,41,2024-10,33600
L00455,Hyundai,2009,331500,Jeddah,fair,15,71,2024-10,9400
L00456,Ford,2025,25800,Jeddah,good,23,38,2024-03,71800
L00457,Nissan,2016,195800,Jeddah,excellent,11,27,2024-09,23000
L00458,Mercedes,2025,12400,Makkah,good,9,23,2025-01,186000
L00459,Mercedes,2008,358000,Jeddah,fair,22,48,2024-08,21700
L00460,BMW,2023,60500,Riyadh,fair,18,4,2024-07,189800
L00461,Kia,2010,300800,Riyadh,good,3,46,2024-08,15700
L00462,Nissan,2023,71800,Dammam,excellent,17,32,2025-02,69700
L00463,Kia,2008,319200,Riyadh,fair,24,28,2024-05,10400
L00464,Hyundai,2016,170400,Makkah,good,7,53,2024-06,36000
L00465,Mazda,2017,204900,Riyadh,good,3,29,2024-03,25200
L00466,Mazda,2008,351700,Dammam,good,13,61,2024-04,10200
L00467,Hyundai,2016,160500,Madinah,excellent,6,22,2024-10,20600
L00468,Toyota,2015,260100,Riyadh,fair,22,86,2025-02,37800
L00469,Kia,2012,255800,Dammam,good,5,51,2024-06,23300
L00470,Lexus,2017,138400,Riyadh,fair,10,19,2024-10,109200
L00471,Chevrolet,2021,100400,Dammam,good,5,72,2025-02,30700
L00472,Hyundai,2019,107400,Riyadh,fair,12,57,2025-03,65600
L00473,Toyota,2009,294500,Makkah,excellent,19,57,2024-03,13900
L00474,Lexus,2008,360400,Riyadh,good,21,81,2025-02,25400
L00475,Toyota,2020,83900,Makkah,good,21,30,2025-06,38300
L00476,Mazda,2021,123900,Riyadh,good,18,68,2025-08,41900
L00477,Toyota,2018,139800,Dammam,good,21,11,2025-09,35000
L00478,Nissan,2008,345600,Dammam,good,17,28,2024-07,8000
L00479,Hyundai,2021,108700,Makkah,excellent,24,57,2024-09,60100
L00480,Mazda,2017,164900,Riyadh,excellent,23,52,2025-08,20400
L00481,Hyundai,2013,226300,Jeddah,fair,16,4,2025-01,19900
L00482,Ford,2008,391200,Jeddah,excellent,24,12,2024-07,12800
L00483,Nissan,2016,170300,Jeddah,fair,10,30,2024-01,22800
L00484,Toyota,2009,338500,Makkah,good,3,74,2024-08,10100
L00485,Lexus,2009,286800,Dammam,excellent,13,36,2025-01,23400
L00486,Toyota,2011,273700,Dammam,good,6,46,2025-04,8000
L00487,Toyota,2018,137700,Dammam,good,23,29,2025-10,29300
L00488,Toyota,2008,346900,Riyadh,good,6,11,2025-06,11500
L00489,Ford,2022,74100,Riyadh,good,4,18,2024-06,83600
L00490,Ford,2021,67100,Jeddah,good,17,30,2024-05,55400
L00491,BMW,2015,223700,Dammam,good,14,45,2025-10,43600
L00492,Chevrolet,2019,124400,Makkah,fair,5,64,2025-01,43400
L00493,Nissan,2011,334300,Makkah,excellent,22,8,2025-04,16000
L00494,Ford,2012,280000,Riyadh,good,9,22,2024-06,13800
L00495,Lexus,2012,314600,Jeddah,excellent,6,32,2024-03,24400
L00496,Nissan,2020,62300,Riyadh,good,12,68,2025-02,33200
L00497,Hyundai,2014,251800,Madinah,good,16,67,2024-01,24400
L00498,Chevrolet,2015,225900,Jeddah,excellent,11,62,2024-02,29000
L00499,Kia,2012,262400,Makkah,excellent,9,37,2024-08,11100
L00500,Hyundai,2010,270400,Dammam,fair,18,35,2024-01,14000
L00501,Mazda,2010,319300,Riyadh,good,19,30,2025-09,15000
L00502,BMW,2017,170100,Jeddah,good,8,74,2024-11,78300
L00503,Hyundai,2025,16600,Riyadh,excellent,8,6,2024-04,66000
L00504,Ford,2024,13300,Riyadh,good,23,31,2024-06,80000
L00505,Toyota,2010,328600,Makkah,fair,7,10,2025-10,10600
L00506,Toyota,2018,141900,Riyadh,good,18,64,2025-09,23600
L00507,Toyota,2020,79200,Riyadh,good,4,44,2024-02,23100
L00508,Hyundai,2014,207600,Dammam,excellent,13,36,2024-08,19800
L00509,Hyundai,2021,66000,Madinah,excellent,18,45,2024-11,54500
L00510,Mercedes,2021,95700,Riyadh,fair,7,79,2024-09,109700
L00511,Chevrolet,2018,212200,Jeddah,good,24,38,2024-12,46400
L00512,Toyota,2021,80100,Makkah,fair,3,31,2024-05,29400
L00513,BMW,2017,188300,Dammam,fair,18,86,2025-05,51200
L00514,Nissan,2013,242400,Riyadh,good,15,36,2024-12,20600
L00515,Hyundai,2021,86100,Makkah,fair,16,15,2024-01,36400
L00516,Lexus,2014,240600,Jeddah,good,13,10,2024-02,76400
L00517,Kia,2015,180400,Jeddah,good,15,41,2024-04,17200
L00518,Toyota,2010,255500,Riyadh,excellent,4,56,2024-06,33300
L00519,Ford,2018,183500,Dammam,good,16,17,2024-06,68400
L00520,Nissan,2024,36300,Jeddah,good,9,24,2024-02,65900
L00521,Ford,2023,54100,Madinah,excellent,15,54,2025-05,76200
L00522,Chevrolet,2015,205800,Jeddah,fair,19,29,2024-01,20700
L00523,Toyota,2024,41900,Dammam,good,13,62,2024-03,75200
L00524,Chevrolet,2017,191100,Riyadh,good,15,25,2025-04,35400
L00525,Toyota,2019,142700,Madinah,good,24,10,2025-02,23000
L00526,Mercedes,2023,83300,Riyadh,excellent,6,85,2024-06,165000
L00527,Chevrolet,2023,39100,Jeddah,good,17,48,2025-10,52500
L00528,Toyota,2018,161700,Makkah,good,12,2,2024-01,28200
L00529,Toyota,2014,209500,Riyadh,fair,20,4,2024-07,24300
L00530,Toyota,2016,199900,Jeddah,good,12,18,2025-02,27600
L00531,Ford,2024,11000,Jeddah,excellent,14,5,2024-09,54800
L00532,Chevrolet,2022,85600,Dammam,fair,7,56,2024-09,29300
L00533,Hyundai,2021,89500,Riyadh,good,23,41,2025-09,52400
L00534,Toyota,2017,125000,Madinah,good,18,65,2024-06,22300
L00535,Lexus,2018,158700,Dammam,fair,21,73,2025-05,115900
L00536,Nissan,2010,284500,Jeddah,good,10,70,2025-07,9900
L00537,Lexus,2024,28800,Jeddah,excellent,9,73,2024-10,184800
L00538,Toyota,2025,28600,Riyadh,good,17,50,2024-02,117300
L00539,Ford,2014,259300,Jeddah,fair,18,38,2024-11,25000
L00540,Hyundai,2017,134000,Riyadh,excellent,19,51,2024-02,25600
L00541,Kia,2022,86200,Riyadh,good,3,8,2025-10,47000
L00542,Ford,2009,370700,Riyadh,good,10,52,2025-08,13900
L00543,Kia,2010,264000,Riyadh,good,21,64,2025-07,17300
L00544,Nissan,2015,173700,Dammam,excellent,19,55,2025-04,18400
L00545,Ford,2020,114700,Riyadh,good,21,10,2024-03,34700
L00546,Mazda,2015,205500,Riyadh,excellent,24,81,2025-08,21200
L00547,Ford,2015,236000,Jeddah,excellent,19,85,2024-03,22800
L00548,Chevrolet,2010,354900,Riyadh,excellent,9,62,2025-09,14500
L00549,Kia,2011,307400,Riyadh,good,5,6,2024-06,12500
L00550,Nissan,2024,23000,Dammam,good,23,41,2025-05,35000
L00551,Nissan,2016,210900,Riyadh,good,19,81,2024-07,28400
L00552,Toyota,2009,279800,Jeddah,good,11,40,2024-05,9700
L00553,Hyundai,2012,177200,Riyadh,fair,18,67,2024-09,15600
L00554,Toyota,2016,194700,Riyadh,fair,6,61,2025-09,29100
L00555,Ford,2021,113900,Jeddah,excellent,4,11,2024-05,55000
L00556,Nissan,2023,58800,Dammam,excellent,8,10,2024-08,65300
L00557,Hyundai,2023,48000,Jeddah,good,21,6,2024-04,70700
L00558,Chevrolet,2021,114200,Jeddah,excellent,4,21,2024-08,45100
L00559,Hyundai,2022,83500,Riyadh,good,7,75,2024-03,67300
L00560,Mazda,2011,250300,Dammam,fair,15,52,2024-12,10600
L00561,Toyota,2016,211800,Riyadh,good,19,21,2024-09,41900
L00562,Toyota,2020,130300,Riyadh,fair,14,76,2024-12,44800
L00563,Hyundai,2021,119600,Dammam,good,19,12,2024-12,51800
L00564,Kia,2017,177600,Dammam,fair,10,16,2025-03,42200
L00565,Lexus,2016,209500,Dammam,fair,18,67,2024-02,79600
L00566,Chevrolet,2016,217400,Dammam,excellent,13,62,2025-02,32700
L00567,Nissan,2011,281700,Makkah,good,5,40,2025-10,9900
L00568,Toyota,2008,314600,Riyadh,good,24,0,2025-01,10200
L00569,Toyota,2010,287100,Riyadh,fair,14,57,2025-07,10200
L00570,Kia,2015,169700,Jeddah,excellent,3,64,2025-08,27300
L00571,Kia,2024,27700,Riyadh,excellent,4,79,2024-05,46100
L00572,Hyundai,2015,244700,Jeddah,good,3,73,2024-06,27600
L00573,Toyota,2022,71100,Riyadh,good,3,48,2024-05,31800
L00574,Toyota,2021,87500,Riyadh,fair,12,65,2024-08,61000
L00575,Mazda,2017,163500,Jeddah,good,16,5,2024-03,14100
L00576,Chevrolet,2021,106900,Jeddah,fair,20,39,2024-12,35600
L00577,Toyota,2016,153900,Riyadh,good,11,20,2024-09,26800
L00578,Toyota,2025,10400,Dammam,fair,24,30,2024-01,53600
L00579,Ford,2014,226500,Makkah,fair,13,22,2024-06,21700
L00580,Toyota,2008,365600,Dammam,excellent,14,58,2025-04,14600
L00581,Nissan,2019,75200,Riyadh,good,12,34,2025-05,20400
L00582,Ford,2008,318600,Jeddah,good,7,37,2025-07,10500
L00583,Ford,2012,257300,Riyadh,excellent,4,44,2025-06,13500
L00584,Chevrolet,2016,211000,Riyadh,fair,22,75,2024-10,21700
L00585,Toyota,2017,147600,Riyadh,excellent,13,21,2024-10,36900
L00586,Toyota,2011,291800,Jeddah,fair,17,12,2025-04,16000
L00587,Toyota,2025,30200,Dammam,good,12,27,2024-01,63400
L00588,Toyota,2010,338500,Riyadh,excellent,23,60,2025-04,10200
L00589,Nissan,2009,373800,Riyadh,fair,3,68,2024-08,12100
L00590,Hyundai,2011,285400,Dammam,good,23,20,2025-09,19200
L00591,Toyota,2015,216100,Dammam,good,4,44,2024-04,15300
L00592,Toyota,2018,197700,Makkah,excellent,21,78,2024-09,28200
L00593,Nissan,2023,61200,Dammam,good,17,31,2025-10,48200
L00594,Toyota,2025,30700,Jeddah,good,16,72,2025-07,54300
L00595,Ford,2012,252300,Jeddah,good,7,87,2024-04,8000
L00596,Hyundai,2017,183000,Jeddah,good,6,2,2024-04,29300
L00597,Toyota,2013,251100,Riyadh,excellent,18,86,2025-04,15600
L00598,Lexus,2016,193200,Jeddah,fair,19,45,2024-08,72200
L00599,Ford,2008,350100,Jeddah,fair,19,22,2025-01,8000
L00600,Mazda,2024,49100,Jeddah,good,13,79,2025-01,71300
L00601,Hyundai,2013,211700,Riyadh,good,4,50,2025-01,16600
L00602,Chevrolet,2011,276100,Riyadh,fair,9,15,2025-04,15300
L00603,Toyota,2013,228900,Riyadh,excellent,12,28,2024-07,24700
L00604,Hyundai,2009,309300,Jeddah,fair,6,76,2025-10,11000
L00605,Mercedes,2008,303000,Riyadh,good,15,53,2025-06,40600
L00606,Nissan,2019,134500,Jeddah,excellent,12,88,2025-05,33700
L00607,Lexus,2015,255200,Jeddah,good,9,75,2024-04,41600
L00608,Ford,2015,162400,Jeddah,good,12,54,2024-04,23400
L00609,BMW,2019,128700,Dammam,good,4,60,2025-09,106900
L00610,Ford,2020,101600,Makkah,excellent,5,21,2024-10,38100
L00611,Ford,2021,77100,Jeddah,good,11,87,2025-02,55900
L00612,Toyota,2009,405700,Riyadh,good,14,86,2024-10,8000
L00613,Ford,2018,134800,Jeddah,good,18,41,2024-01,31900
L00614,Kia,2021,46300,Dammam,excellent,17,47,2024-05,47100
L00615,Nissan,2015,187300,Riyadh,excellent,9,66,2024-12,15300
L00616,Nissan,2024,44700,Jeddah,fair,8,81,2024-05,60200
L00617,BMW,2025,11500,Madinah,excellent,12,82,2024-07,217200
L00618,Toyota,2024,21100,Makkah,good,18,54,2024-05,43300
L00619,Hyundai,2008,393000,Jeddah,excellent,4,53,2024-05,8000
L00620,Chevrolet,2013,221900,Riyadh,fair,24,9,2024-11,40700
L00621,Mercedes,2022,52400,Riyadh,good,16,86,2024-10,86600
L00622,Nissan,2025,17600,Jeddah,fair,21,37,2025-07,58600
L00623,Lexus,2013,211800,Jeddah,fair,21,13,2025-03,68600
L00624,Hyundai,2011,299100,Dammam,good,15,65,2024-06,15200
L00625,Ford,2014,270000,Makkah,good,12,51,2025-09,22300
L00626,Ford,2010,334200,Dammam,good,15,65,2025-10,14400
L00627,Mercedes,2017,162000,Riyadh,good,18,43,2025-02,58900
L00628,Hyundai,2019,144700,Riyadh,excellent,22,81,2025-02,27400
L00629,Mercedes,2009,256700,Madinah,excellent,15,23,2025-03,22800
L00630,Toyota,2013,274600,Makkah,excellent,11,31,2024-01,14200
L00631,Toyota,2012,237400,Jeddah,excellent,22,30,2025-09,10200
L00632,Hyundai,2009,259200,Riyadh,excellent,7,45,2024-12,8000
L00633,Toyota,2020,120900,Dammam,good,11,53,2025-09,49300
L00634,Hyundai,2024,32000,Riyadh,excellent,4,45,2024-12,46800
L00635,Chevrolet,2013,246000,Riyadh,fair,13,22,2024-11,25200
L00636,Mercedes,2022,82400,Riyadh,fair,23,55,2024-06,119200
L00637,Chevrolet,2010,237000,Madinah,good,19,69,2024-12,21600
L00638,Ford,2011,274000,Riyadh,excellent,24,2,2025-07,10800
L00639,Ford,2019,132900,Makkah,good,7,25,2024-03,30300
L00640,Toyota,2017,163700,Madinah,good,14,10,2024-03,17400
L00641,Toyota,2011,257400,Riyadh,good,22,88,2025-08,17500
L00642,Toyota,2008,334000,Jeddah,good,7,39,2024-10,8000
L00643,Hyundai,2018,136200,Jeddah,excellent,14,6,2025-09,46900
L00644,Nissan,2018,160600,Riyadh,excellent,7,14,2024-11,41300
L00645,Toyota,2023,50800,Jeddah,fair,15,48,2024-07,68500
L00646,Nissan,2021,74300,Riyadh,good,16,20,2025-02,46500
L00647,Toyota,2020,106700,Dammam,fair,15,40,2025-02,58100
L00648,Toyota,2014,242600,Makkah,good,22,80,2024-02,15300
L00649,Mercedes,2013,220800,Makkah,excellent,16,52,2025-02,33300
L00650,Hyundai,2015,199700,Madinah,excellent,24,51,2024-05,22400
L00651,Kia,2010,289100,Jeddah,excellent,18,64,2025-02,24300
L00652,Mazda,2020,110700,Riyadh,excellent,16,24,2025-01,45700
L00653,Toyota,2023,79300,Riyadh,excellent,11,52,2025-07,59200
L00654,Lexus,2021,100400,Riyadh,good,15,82,2024-08,114000
L00655,Hyundai,2023,44100,Riyadh,excellent,3,0,2025-05,60300
L00656,Hyundai,2019,109300,Riyadh,good,10,87,2024-02,32600
L00657,BMW,2010,302500,Riyadh,excellent,8,25,2024-06,28100
L00658,Toyota,2018,153800,Riyadh,fair,6,68,2024-02,30500
L00659,Toyota,2018,183500,Madinah,fair,8,75,2024-09,35900
L00660,Toyota,2018,165500,Riyadh,excellent,7,82,2024-04,34200
L00661,Chevrolet,2022,72700,Makkah,good,24,45,2024-05,48200
L00662,Ford,2018,149600,Madinah,good,17,7,2025-04,16200
L00663,Lexus,2020,112200,Dammam,excellent,13,39,2025-06,66100
L00664,BMW,2018,200100,Jeddah,good,10,26,2024-10,93700
L00665,Hyundai,2025,13600,Madinah,excellent,10,48,2024-05,72200
L00666,Nissan,2015,176100,Riyadh,good,13,30,2025-08,11800
L00667,Toyota,2020,121100,Jeddah,good,16,19,2024-01,51000
L00668,Hyundai,2009,304200,Riyadh,excellent,23,21,2024-01,10800
L00669,Toyota,2013,218900,Jeddah,excellent,20,80,2025-09,25300
L00670,BMW,2023,83200,Makkah,excellent,18,7,2024-05,142300
L00671,Nissan,2020,96000,Makkah,fair,3,81,2025-01,54500
L00672,Chevrolet,2017,168400,Jeddah,good,6,48,2025-01,26800
L00673,Nissan,2025,12000,Madinah,excellent,5,39,2025-07,53400
L00674,Nissan,2019,137400,Riyadh,fair,3,44,2025-03,45900
L00675,Toyota,2013,348500,Riyadh,fair,19,44,2025-04,8000
L00676,Mazda,2025,12200,Riyadh,good,14,51,2024-08,103600
L00677,Toyota,2008,352800,Dammam,fair,19,73,2025-01,8000
L00678,Hyundai,2017,138300,Jeddah,fair,6,37,2024-01,22500
L00679,Hyundai,2024,50800,Jeddah,good,15,17,2024-05,52100
L00680,Mercedes,2025,7200,Riyadh,excellent,23,55,2024-07,308800
L00681,Lexus,2019,142400,Dammam,excellent,13,83,2025-10,67400
L00682,Mazda,2022,79000,Riyadh,good,9,67,2025-10,40000
L00683,Hyundai,2009,351100,Riyadh,fair,21,45,2024-09,18600
L00684,Ford,2017,153800,Dammam,good,7,17,2024-04,40200
L00685,Kia,2017,154900,Riyadh,good,17,28,2025-06,53000
L00686,BMW,2014,234900,Riyadh,fair,12,56,2024-12,49400
L00687,Nissan,2015,234600,Riyadh,good,20,51,2024-06,13000
L00688,Hyundai,2009,365100,Riyadh,good,22,79,2024-06,13200
L00689,Kia,2024,36800,Riyadh,fair,5,79,2024-10,71500
L00690,Hyundai,2023,84600,Makkah,fair,19,11,2025-04,57800
L00691,BMW,2025,28300,Dammam,good,17,44,2024-08,173400
L00692,Chevrolet,2008,321700,Jeddah,good,16,69,2025-01,9300
L00693,BMW,2012,235300,Jeddah,good,23,50,2024-11,42900
L00694,Mazda,2022,49400,Makkah,good,8,35,2025-09,55200
L00695,Lexus,2017,168600,Dammam,good,8,24,2024-05,135000
L00696,Toyota,2016,167300,Dammam,excellent,18,57,2025-08,20800
L00697,Hyundai,2011,203200,Jeddah,excellent,18,52,2025-08,15100
L00698,Mercedes,2012,291300,Dammam,good,14,0,2025-02,36600
L00699,Lexus,2025,1600,Dammam,excellent,16,5,2025-02,278200
L00700,Toyota,2011,261200,Jeddah,excellent,16,23,2025-06,24400
L00701,Ford,2022,77900,Riyadh,excellent,4,15,2025-05,37800
L00702,BMW,2014,212800,Riyadh,excellent,11,12,2025-04,30000
L00703,Hyundai,2009,287400,Riyadh,excellent,5,54,2025-10,10600
L00704,Mazda,2022,58200,Jeddah,excellent,8,40,2025-05,73700
L00705,Toyota,2008,346000,Riyadh,fair,16,6,2025-05,8000
L00706,Hyundai,2018,143500,Dammam,excellent,3,31,2024-03,35100
L00707,Toyota,2012,205100,Makkah,fair,17,18,2025-09,19500
L00708,Mercedes,2019,114500,Dammam,good,22,43,2025-08,72300
L00709,Toyota,2014,230400,Riyadh,excellent,11,56,2025-03,12900
L00710,Toyota,2012,217500,Dammam,excellent,23,26,2024-02,17100
L00711,Kia,2022,99700,Riyadh,excellent,14,77,2025-04,62200
L00712,Toyota,2016,187100,Dammam,good,11,15,2025-01,25800
L00713,BMW,2008,327600,Makkah,good,19,73,2025-09,18200
L00714,Nissan,2010,297900,Makkah,excellent,7,70,2024-12,8000
L00715,Lexus,2019,118300,Jeddah,excellent,22,49,2024-01,95600
L00716,Hyundai,2010,233800,Makkah,fair,20,45,2024-06,17300
L00717,Mercedes,2014,243600,Riyadh,good,19,9,2024-12,47100
L00718,Hyundai,2012,276500,Dammam,fair,3,49,2024-08,16000
L00719,Toyota,2012,208600,Jeddah,good,8,55,2024-07,18100
L00720,Kia,2020,59900,Makkah,excellent,4,21,2025-10,38800
L00721,Toyota,2023,53600,Jeddah,good,12,0,2025-01,54100
L00722,Ford,2019,152500,Jeddah,fair,3,0,2025-10,36400
L00723,Toyota,2013,251500,Riyadh,excellent,10,31,2025-10,11800
L00724,Hyundai,2014,171000,Jeddah,fair,24,59,2024-01,12800
L00725,Toyota,2023,80700,Madinah,good,17,4,2024-08,82800
L00726,BMW,2015,217400,Jeddah,excellent,7,76,2024-02,74400
L00727,Chevrolet,2023,46000,Riyadh,good,5,51,2024-09,50900
L00728,Toyota,2025,14800,Riyadh,good,10,22,2024-02,97400
L00729,Hyundai,2024,35700,Riyadh,good,12,83,2024-09,56000
L00730,Ford,2015,251200,Dammam,good,3,36,2025-08,20400
L00731,Kia,2015,248500,Riyadh,good,23,73,2025-10,17600
L00732,Hyundai,2022,73400,Jeddah,good,15,18,2024-02,45600
L00733,BMW,2017,145900,Riyadh,excellent,11,17,2024-07,58800
L00734,Mercedes,2012,301100,Dammam,good,16,50,2025-04,43500
L00735,Toyota,2023,59300,Jeddah,good,13,40,2024-08,38600
L00736,Toyota,2018,163100,Riyadh,fair,20,47,2024-09,32600
L00737,Nissan,2012,303700,Riyadh,good,23,76,2024-12,14600
L00738,Kia,2010,303100,Riyadh,good,8,74,2024-06,15400
L00739,Toyota,2009,323800,Dammam,excellent,11,36,2025-01,8000
L00740,Toyota,2025,20200,Riyadh,good,12,73,2024-07,78600
L00741,Toyota,2008,281900,Jeddah,good,11,22,2024-12,8000
L00742,Chevrolet,2014,197900,Riyadh,excellent,24,13,2024-05,13300
L00743,Kia,2023,58000,Makkah,good,8,88,2025-06,61600
L00744,Hyundai,2011,289700,Makkah,good,4,9,2025-08,16500
L00745,Toyota,2015,201200,Riyadh,excellent,19,57,2025-05,14200
L00746,Toyota,2017,166300,Dammam,good,5,37,2025-07,22000
L00747,Ford,2018,160100,Riyadh,good,5,2,2024-06,24800
L00748,Ford,2011,320500,Riyadh,good,5,34,2025-01,14800
L00749,Kia,2022,83500,Dammam,excellent,11,28,2025-07,50400
L00750,Toyota,2025,10500,Riyadh,fair,7,10,2024-12,89600
L00751,Toyota,2009,300500,Jeddah,fair,5,84,2024-02,11400
L00752,Hyundai,2018,136600,Riyadh,excellent,16,67,2025-05,15600
L00753,Kia,2011,228700,Riyadh,excellent,15,32,2024-02,8000
L00754,Hyundai,2014,214000,Riyadh,fair,13,46,2024-04,12400
L00755,Nissan,2016,216800,Madinah,good,21,41,2024-02,19400
L00756,Kia,2019,138400,Madinah,good,20,88,2024-09,37600
L00757,BMW,2012,253300,Dammam,fair,16,64,2024-06,54800
L00758,Nissan,2013,270800,Makkah,excellent,12,14,2025-09,19900
L00759,Lexus,2016,206600,Riyadh,good,14,10,2024-06,95100
L00760,Mercedes,2020,87500,Dammam,good,7,71,2025-02,125700
L00761,Mercedes,2016,200800,Riyadh,good,24,80,2024-02,55000
L00762,Mercedes,2025,16000,Riyadh,fair,3,7,2025-09,196800
L00763,Kia,2008,380100,Jeddah,excellent,6,31,2025-09,8000
L00764,Toyota,2019,136500,Jeddah,good,23,75,2025-04,27900
L00765,Nissan,2011,290100,Riyadh,good,17,2,2025-06,20300
L00766,Toyota,2015,214500,Riyadh,excellent,7,65,2025-09,23700
L00767,Nissan,2009,294300,Jeddah,fair,18,67,2025-05,12800
L00768,Hyundai,2020,136200,Dammam,excellent,14,72,2025-03,34200
L00769,Toyota,2022,101000,Jeddah,good,12,18,2024-11,64000
L00770,Kia,2008,350700,Dammam,excellent,3,49,2025-10,9700
L00771,Chevrolet,2008,337900,Riyadh,good,17,54,2024-10,8300
L00772,Hyundai,2025,35500,Riyadh,fair,14,48,2024-04,120200
L00773,Toyota,2008,287300,Riyadh,fair,5,2,2024-06,12300
L00774,Kia,2019,181300,Jeddah,excellent,11,9,2025-08,61200
L00775,Kia,2024,48700,Riyadh,good,23,33,2024-03,66800
L00776,Toyota,2014,178800,Riyadh,good,8,67,2024-03,17200
L00777,Nissan,2012,240800,Dammam,excellent,15,37,2025-10,10800
L00778,Mercedes,2024,24500,Makkah,excellent,19,2,2025-02,135400
L00779,BMW,2012,219100,Madinah,excellent,20,15,2025-09,63200
L00780,Ford,2021,79200,Riyadh,good,10,15,2025-06,45100
L00781,Nissan,2018,137500,Riyadh,good,3,87,2024-05,21900
L00782,Hyundai,2024,30400,Riyadh,excellent,9,24,2024-02,80400
L00783,Hyundai,2019,154600,Riyadh,good,24,73,2025-03,23700
L00784,Nissan,2009,349300,Jeddah,fair,5,88,2025-07,8700
L00785,Toyota,2010,282800,Makkah,excellent,3,76,2025-04,9200
L00786,Hyundai,2022,70000,Dammam,fair,4,55,2025-10,51800
L00787,Nissan,2011,287200,Riyadh,good,24,15,2024-10,22300
L00788,Kia,2010,295300,Jeddah,excellent,11,5,2024-07,8900
L00789,Hyundai,2013,285700,Madinah,excellent,9,80,2025-07,22700
L00790,Kia,2017,121100,Riyadh,fair,10,10,2025-06,34500
L00791,Ford,2015,152500,Riyadh,excellent,21,38,2024-09,16200
L00792,Toyota,2021,89200,Madinah,fair,13,61,2024-06,30400
L00793,Toyota,2017,171100,Riyadh,good,14,53,2024-11,31000
L00794,Hyundai,2009,305800,Riyadh,fair,15,41,2024-01,13600
L00795,Kia,2017,180000,Dammam,good,7,82,2025-04,27600
L00796,Hyundai,2010,361700,Riyadh,fair,9,26,2025-10,9500
L00797,Chevrolet,2013,226400,Jeddah,fair,14,62,2024-10,27000
L00798,Chevrolet,2018,129800,Madinah,fair,18,7,2024-12,32000
L00799,Nissan,2020,133100,Riyadh,good,19,21,2024-02,28400
L00800,Lexus,2020,76000,Jeddah,excellent,13,81,2025-06,91700
L00801,Ford,2017,133700,Jeddah,excellent,17,9,2024-07,39400
L00802,Kia,2010,394100,Riyadh,excellent,23,76,2024-12,12200
L00803,Nissan,2008,315300,Jeddah,good,13,8,2024-04,8000
L00804,Toyota,2024,43200,Makkah,fair,18,50,2024-07,65500
L00805,Kia,2014,221300,Riyadh,fair,13,31,2025-09,18400
L00806,Hyundai,2023,48900,Dammam,good,22,53,2025-02,84700
L00807,Lexus,2023,46000,Riyadh,excellent,13,22,2024-05,163500
L00808,Toyota,2022,100000,Riyadh,good,12,48,2025-07,43300
L00809,Hyundai,2009,317100,Makkah,excellent,24,5,2024-06,12200
L00810,Ford,2013,257800,Jeddah,fair,15,14,2025-10,24300
L00811,Kia,2015,193100,Makkah,fair,5,68,2025-08,22400
L00812,Nissan,2019,103600,Riyadh,fair,5,4,2025-07,47500
L00813,Nissan,2023,52200,Riyadh,excellent,6,19,2024-12,45700
L00814,Toyota,2014,232900,Madinah,good,4,16,2025-03,20300
L00815,Toyota,2018,142200,Riyadh,good,3,6,2024-08,28800
L00816,Kia,2016,166900,Riyadh,excellent,22,1,2025-06,20900
L00817,Toyota,2013,232000,Riyadh,excellent,5,69,2024-09,18800
L00818,Hyundai,2021,95900,Dammam,good,20,46,2025-10,44500
L00819,Nissan,2025,8700,Riyadh,excellent,3,36,2024-07,64500
L00820,Lexus,2019,151900,Dammam,good,18,7,2024-02,51700
L00821,Hyundai,2025,22200,Dammam,excellent,17,71,2024-08,78100
L00822,Toyota,2010,316500,Dammam,good,7,82,2025-06,13300
L00823,Mercedes,2020,109300,Riyadh,good,18,81,2024-03,100600
L00824,Toyota,2024,38100,Riyadh,good,5,65,2025-09,60400
L00825,Lexus,2013,256800,Dammam,good,22,20,2025-05,38400
L00826,Nissan,2017,176100,Jeddah,fair,8,34,2025-01,22600
L00827,Ford,2025,10300,Riyadh,good,12,1,2024-04,73500
L00828,Toyota,2019,123200,Riyadh,good,23,44,2025-09,27600
L00829,Lexus,2019,137000,Riyadh,excellent,17,63,2025-10,99400
L00830,Nissan,2023,35100,Dammam,good,20,36,2025-07,53300
L00831,Toyota,2018,146000,Makkah,excellent,5,32,2024-09,40600
L00832,Nissan,2014,300000,Jeddah,good,20,18,2025-07,20100
L00833,Hyundai,2013,249400,Makkah,good,21,39,2024-07,14500
L00834,Ford,2012,263500,Riyadh,excellent,15,86,2025-08,15000
L00835,Mazda,2009,363300,Jeddah,good,18,7,2025-03,9100
L00836,BMW,2016,233000,Makkah,fair,21,31,2025-02,48800
L00837,Ford,2017,170100,Riyadh,good,24,73,2025-08,14600
L00838,Toyota,2017,200100,Jeddah,fair,4,25,2024-06,38700
L00839,Chevrolet,2012,320300,Jeddah,good,18,15,2024-05,8300
L00840,BMW,2012,304400,Riyadh,excellent,5,66,2025-08,28800
L00841,Toyota,2020,114900,Riyadh,excellent,10,22,2024-08,32100
L00842,Hyundai,2008,346400,Dammam,fair,9,40,2024-08,10700
L00843,Kia,2010,263000,Dammam,good,5,77,2025-08,11700
L00844,Mazda,2023,49900,Riyadh,fair,13,9,2024-02,39200
L00845,Hyundai,2009,290600,Madinah,excellent,12,26,2024-02,8200
L00846,Nissan,2023,65400,Makkah,good,15,45,2024-02,48600
L00847,Hyundai,2010,302900,Jeddah,good,18,73,2024-03,13200
L00848,Ford,2011,299300,Jeddah,fair,4,17,2025-05,11800
L00849,Lexus,2011,244000,Riyadh,good,7,84,2024-01,26100
L00850,Toyota,2010,327100,Riyadh,good,4,72,2024-07,16000
L00851,Hyundai,2015,206500,Jeddah,excellent,18,27,2024-11,9700
L00852,Toyota,2019,160400,Makkah,good,15,11,2024-04,37000
L00853,Toyota,2012,234400,Jeddah,good,15,9,2025-07,12900
L00854,Kia,2016,155400,Dammam,excellent,16,5,2024-08,39300
L00855,Kia,2017,153400,Jeddah,excellent,17,84,2025-05,25500
L00856,Ford,2019,115100,Dammam,good,7,17,2025-05,38200
L00857,Nissan,2017,138700,Madinah,good,19,39,2024-06,39400
L00858,Nissan,2024,45200,Jeddah,good,8,8,2024-04,84000
L00859,Hyundai,2022,55900,Riyadh,good,17,37,2025-04,37900
L00860,Ford,2024,40000,Riyadh,good,17,38,2025-03,83400
L00861,Nissan,2015,181600,Riyadh,good,6,27,2024-05,13500
L00862,Hyundai,2022,90300,Jeddah,excellent,10,25,2025-10,36300
L00863,Hyundai,2017,169400,Jeddah,good,15,56,2024-10,18700
L00864,Chevrolet,2009,320200,Makkah,excellent,24,26,2024-11,20500
L00865,Ford,2017,106100,Jeddah,excellent,21,74,2024-10,62100
L00866,Lexus,2020,171500,Dammam,fair,23,84,2025-01,124500
L00867,Toyota,2016,189400,Dammam,good,17,0,2025-01,20800
L00868,Hyundai,2009,330200,Dammam,fair,13,81,2025-06,15000
L00869,Hyundai,2009,309200,Jeddah,excellent,4,67,2025-03,8000
L00870,Nissan,2021,119900,Makkah,excellent,3,50,2024-02,37900
L00871,Toyota,2020,78800,Madinah,excellent,16,34,2025-09,31200
L00872,Kia,2009,268500,Makkah,excellent,9,68,2024-10,18000
L00873,Mazda,2008,351500,Riyadh,fair,22,22,2025-01,8000
L00874,Toyota,2021,70100,Riyadh,excellent,17,47,2024-09,57100
L00875,Toyota,2024,43200,Jeddah,good,8,74,2025-10,51600
L00876,Chevrolet,2024,59800,Madinah,good,18,36,2025-09,65000
L00877,Ford,2018,153600,Makkah,good,18,86,2024-04,27500
L00878,Ford,2013,246500,Riyadh,excellent,24,27,2024-10,18500
L00879,Toyota,2021,75200,Riyadh,good,6,73,2025-07,52600
L00880,Toyota,2010,376000,Dammam,fair,21,20,2025-05,23900
L00881,Toyota,2015,194600,Riyadh,good,22,42,2024-07,22200
L00882,Toyota,2009,306000,Jeddah,excellent,7,39,2024-04,8000
L00883,Mercedes,2022,51900,Riyadh,fair,13,64,2024-11,124300
L00884,Ford,2023,75000,Jeddah,fair,14,87,2024-11,90900
L00885,Nissan,2010,337800,Jeddah,excellent,12,38,2025-05,15600
L00886,Mazda,2013,262600,Jeddah,excellent,17,44,2025-09,16700
L00887,Toyota,2014,202400,Riyadh,good,13,38,2024-06,30600
L00888,Nissan,2019,101800,Jeddah,excellent,12,43,2025-04,24800
L00889,Hyundai,2014,206400,Madinah,fair,16,14,2024-01,21300
L00890,Hyundai,2012,262700,Riyadh,excellent,4,15,2025-02,12000
L00891,Hyundai,2012,338400,Jeddah,good,18,3,2025-02,16500
L00892,Toyota,2017,159600,Dammam,excellent,23,80,2024-06,38900
L00893,Toyota,2010,308500,Jeddah,excellent,14,87,2025-02,13000
L00894,Hyundai,2010,332300,Makkah,good,9,22,2025-07,13100
L00895,Hyundai,2014,263600,Riyadh,excellent,23,28,2025-07,27400
L00896,Mercedes,2018,117700,Makkah,excellent,3,64,2024-06,98300
L00897,Toyota,2013,299300,Jeddah,good,4,64,2025-10,8000
L00898,Chevrolet,2022,46400,Dammam,fair,10,87,2024-02,72700
L00899,Nissan,2019,136500,Makkah,excellent,3,39,2025-05,31400
L00900,Hyundai,2010,284000,Makkah,excellent,10,54,2025-09,12000
L00901,Toyota,2018,149900,Jeddah,good,5,58,2024-06,26500
L00902,Toyota,2009,365700,Jeddah,good,21,51,2025-03,12100
L00903,Toyota,2023,33500,Madinah,excellent,8,52,2025-07,58300
L00904,Toyota,2021,87100,Dammam,excellent,13,14,2025-09,48200
L00905,Hyundai,2016,187700,Dammam,fair,5,74,2025-06,40100
L00906,Lexus,2021,93300,Madinah,good,13,82,2025-08,115100
L00907,Chevrolet,2018,142200,Riyadh,excellent,3,53,2025-09,35400
L00908,Kia,2025,5300,Riyadh,excellent,15,51,2024-03,59600
L00909,BMW,2008,390800,Riyadh,excellent,3,41,2025-01,30600
L00910,Mazda,2017,162500,Riyadh,fair,9,39,2024-08,34900
L00911,Mercedes,2018,140500,Jeddah,excellent,11,18,2025-09,74300
L00912,Nissan,2021,96400,Jeddah,good,15,54,2025-09,58500
L00913,Kia,2024,69500,Riyadh,good,14,20,2024-07,55000
L00914,Toyota,2013,257500,Dammam,excellent,17,22,2025-10,18700
L00915,Lexus,2019,134200,Riyadh,good,16,53,2025-07,111400
L00916,Chevrolet,2023,53900,Riyadh,fair,9,73,2025-09,53000
L00917,Kia,2008,317200,Makkah,excellent,7,13,2024-04,12200
L00918,Hyundai,2023,47500,Jeddah,fair,24,42,2025-06,37500
L00919,Toyota,2023,48100,Riyadh,good,3,10,2024-07,53500
L00920,Toyota,2016,222200,Jeddah,good,10,83,2025-05,21900
L00921,BMW,2022,91800,Riyadh,fair,22,57,2025-01,160700
L00922,Hyundai,2014,280900,Makkah,excellent,17,47,2025-01,11600
L00923,Toyota,2022,93900,Riyadh,excellent,12,19,2024-05,63500
L00924,Toyota,2020,145900,Jeddah,good,13,34,2025-09,41800
L00925,Toyota,2008,344200,Riyadh,good,3,52,2025-03,8000
L00926,Kia,2024,59300,Riyadh,excellent,3,70,2025-07,64000
L00927,Chevrolet,2013,232100,Jeddah,fair,12,54,2024-08,24800
L00928,Hyundai,2022,93100,Makkah,fair,10,46,2024-12,64300
L00929,Toyota,2020,114100,Dammam,fair,3,85,2025-04,42900
L00930,Toyota,2012,280900,Riyadh,fair,8,27,2025-04,13400
L00931,Kia,2023,71300,Madinah,good,15,28,2025-05,71600
L00932,Hyundai,2021,106300,Riyadh,excellent,22,55,2025-04,32600
L00933,Toyota,2008,344300,Riyadh,excellent,19,9,2025-09,11400
L00934,Toyota,2010,324800,Riyadh,good,20,8,2024-10,10200
L00935,Lexus,2012,201700,Riyadh,fair,20,76,2025-09,38300
L00936,Toyota,2022,83400,Dammam,excellent,9,14,2024-03,33700
L00937,Kia,2018,123900,Jeddah,good,19,4,2024-01,24700
L00938,Toyota,2014,253100,Riyadh,good,7,43,2025-09,12900
L00939,Hyundai,2008,320600,Dammam,excellent,23,5,2024-04,11600
L00940,Chevrolet,2015,224500,Dammam,good,12,53,2025-05,14200
L00941,Toyota,2011,319400,Riyadh,good,11,73,2024-09,9600
L00942,Hyundai,2022,73900,Dammam,excellent,14,63,2024-08,32700
L00943,Lexus,2025,4400,Riyadh,excellent,3,74,2024-10,126500
L00944,Lexus,2009,291200,Madinah,excellent,24,4,2024-08,36500
L00945,Chevrolet,2011,233500,Jeddah,good,12,83,2025-04,11100
L00946,Mazda,2021,119300,Dammam,excellent,20,59,2025-05,67400
L00947,Kia,2012,298700,Jeddah,excellent,19,18,2025-10,13100
L00948,Toyota,2024,37500,Jeddah,excellent,15,55,2025-01,47300
L00949,Nissan,2022,96400,Jeddah,good,24,9,2025-07,30600
L00950,Nissan,2008,370900,Makkah,excellent,3,78,2024-02,8800
L00951,BMW,2008,263200,Riyadh,excellent,11,11,2025-04,35500
L00952,Nissan,2008,345000,Dammam,good,4,44,2024-12,8000
L00953,Toyota,2014,226400,Makkah,good,18,76,2025-05,25200
L00954,Ford,2017,216600,Riyadh,good,23,28,2025-05,27900
L00955,Chevrolet,2021,91800,Dammam,good,11,81,2025-05,48500
L00956,Hyundai,2016,194300,Jeddah,good,4,10,2024-02,29600
L00957,Mercedes,2016,165000,Jeddah,good,22,12,2025-10,57200
L00958,Kia,2012,282600,Makkah,excellent,14,23,2024-01,16200
L00959,Toyota,2021,118300,Jeddah,good,19,33,2025-02,37600
L00960,Toyota,2022,100200,Jeddah,excellent,6,76,2024-09,40100
L00961,Kia,2025,24000,Riyadh,good,4,55,2025-08,47500
L00962,Ford,2010,288800,Jeddah,good,21,13,2024-01,13200
L00963,Hyundai,2015,198600,Riyadh,good,10,6,2024-10,17400
L00964,Hyundai,2025,17900,Riyadh,excellent,21,41,2025-09,86500
L00965,Mercedes,2010,349900,Jeddah,excellent,5,14,2024-08,31900
L00966,Kia,2016,177100,Madinah,fair,21,8,2025-10,35300
L00967,Hyundai,2025,30700,Dammam,good,4,36,2025-02,97200
L00968,Hyundai,2017,207700,Madinah,excellent,16,84,2025-06,26900
L00969,Chevrolet,2010,342700,Riyadh,excellent,13,56,2025-01,19200
L00970,Nissan,2015,185400,Riyadh,fair,17,36,2025-06,17900
L00971,Mazda,2012,260500,Makkah,good,15,21,2024-04,12500
L00972,Kia,2016,153000,Riyadh,fair,8,27,2024-11,27900
L00973,Mercedes,2008,320500,Riyadh,good,8,88,2025-03,26900
L00974,Lexus,2016,180700,Dammam,good,7,57,2025-09,65800
L00975,Mazda,2019,138800,Makkah,good,14,80,2024-10,36000
L00976,Mercedes,2008,304800,Riyadh,excellent,17,4,2025-05,18400
L00977,Nissan,2014,267300,Jeddah,fair,22,20,2025-04,24300
L00978,Ford,2014,238700,Jeddah,good,4,73,2024-08,13400
L00979,Lexus,2012,306800,Riyadh,excellent,8,37,2025-07,55200
L00980,Hyundai,2023,61200,Riyadh,fair,20,9,2025-02,59400
L00981,Nissan,2009,294200,Dammam,good,10,3,2025-03,11100
L00982,Nissan,2021,88100,Riyadh,excellent,9,37,2024-11,36400
L00983,Chevrolet,2018,154500,Riyadh,good,15,25,2025-09,26200
L00984,Nissan,2024,53300,Riyadh,excellent,22,50,2024-02,54400
L00985,Nissan,2016,171800,Madinah,excellent,15,63,2024-02,23000
L00986,Nissan,2022,80500,Jeddah,good,16,56,2024-11,87000
L00987,Hyundai,2017,233900,Riyadh,excellent,14,6,2025-04,37900
L00988,Toyota,2009,308400,Jeddah,good,3,40,2025-09,8000
L00989,Hyundai,2018,122500,Jeddah,fair,8,28,2025-02,33300
L00990,Toyota,2020,85000,Dammam,excellent,22,2,2024-06,59900
L00991,Toyota,2020,98100,Makkah,fair,10,27,2024-04,32000
L00992,Hyundai,2013,242100,Riyadh,good,22,40,2025-06,15500
L00993,Hyundai,2017,140300,Riyadh,good,16,31,2024-10,23000
L00994,Toyota,2019,120000,Dammam,fair,22,56,2024-11,54400
L00995,Toyota,2014,270000,Dammam,good,7,21,2025-02,27600
L00996,Hyundai,2010,301400,Makkah,fair,22,50,2024-06,12400
L00997,Mercedes,2021,88100,Riyadh,good,3,15,2024-01,170900
L00998,Kia,2016,210100,Makkah,good,10,36,2025-03,32200
L00999,Hyundai,2017,171000,Riyadh,excellent,11,49,2024-04,33900
L01000,Toyota,2019,126100,Riyadh,fair,12,29,2024-03,23700
L01001,Chevrolet,2009,409800,Riyadh,good,8,5,2024-09,14900
L01002,Ford,2008,360300,Riyadh,excellent,5,73,2025-05,11400
L01003,Nissan,2024,32400,Makkah,good,13,30,2024-02,68400
L01004,Nissan,2017,152300,Makkah,good,14,79,2024-09,22600
L01005,Kia,2009,248100,Riyadh,good,18,41,2025-06,8000
L01006,BMW,2019,115000,Jeddah,good,13,0,2025-06,65600
L01007,Mazda,2013,303000,Riyadh,good,24,67,2024-08,15300
L01008,Toyota,2018,177800,Riyadh,good,20,60,2024-03,27800
L01009,Hyundai,2024,28000,Riyadh,fair,13,74,2025-01,97300
L01010,Kia,2021,88600,Jeddah,excellent,10,51,2024-11,73300
L01011,Hyundai,2018,121000,Jeddah,fair,7,88,2025-02,40500
L01012,Toyota,2012,259800,Riyadh,good,18,84,2025-04,15100
L01013,Kia,2023,69300,Dammam,fair,8,22,2025-01,71600
L01014,Toyota,2012,269900,Riyadh,good,23,28,2025-10,8500
L01015,Toyota,2012,186800,Makkah,fair,12,10,2024-03,21800
L01016,Chevrolet,2017,111800,Dammam,excellent,3,19,2024-05,30100
L01017,Kia,2009,317500,Riyadh,good,24,8,2024-08,9800
L01018,Hyundai,2025,5500,Madinah,good,17,2,2024-04,97800
L01019,Lexus,2018,140100,Riyadh,good,18,75,2024-05,97100
L01020,Ford,2022,56600,Jeddah,good,6,74,2024-05,60000
L01021,Hyundai,2017,179800,Jeddah,good,4,66,2024-06,20900
L01022,Hyundai,2008,303000,Riyadh,good,6,17,2025-07,16600
L01023,Ford,2018,149700,Riyadh,good,7,61,2024-01,45800
L01024,Hyundai,2021,69000,Jeddah,fair,12,19,2024-05,61300
L01025,Ford,2012,276000,Dammam,good,3,57,2024-04,8300
L01026,Kia,2012,289300,Riyadh,excellent,14,7,2025-04,13100
L01027,Hyundai,2020,86000,Jeddah,good,19,0,2024-04,62200
L01028,Mercedes,2009,320000,Riyadh,excellent,14,39,2025-08,21600
L01029,Ford,2024,20800,Dammam,good,18,76,2024-04,84900
L01030,Toyota,2011,263800,Riyadh,excellent,11,44,2025-06,17700
L01031,Hyundai,2017,150700,Riyadh,fair,19,41,2024-01,18600
L01032,Lexus,2017,160300,Dammam,good,12,45,2025-08,63700
L01033,Toyota,2010,347700,Madinah,excellent,16,71,2024-02,15600
L01034,Toyota,2014,206500,Jeddah,fair,4,28,2025-10,22000
L01035,Toyota,2010,390600,Makkah,excellent,8,36,2024-06,8000
L01036,Hyundai,2008,373600,Riyadh,excellent,18,88,2024-08,8000
L01037,Toyota,2011,256100,Riyadh,fair,21,48,2025-02,27800
L01038,Toyota,2021,82100,Riyadh,good,23,23,2025-02,69200
L01039,Mazda,2025,500,Jeddah,good,4,40,2025-06,72700
L01040,Mazda,2008,342800,Riyadh,fair,19,87,2025-09,11700
L01041,Chevrolet,2008,394300,Riyadh,good,20,9,2025-05,8000
L01042,Nissan,2012,249200,Jeddah,good,18,2,2025-09,12800
L01043,Toyota,2013,240600,Riyadh,good,16,55,2024-08,10600
L01044,Toyota,2009,284700,Makkah,excellent,4,3,2025-10,9600
L01045,Lexus,2025,33400,Jeddah,excellent,17,0,2025-09,201800
L01046,Hyundai,2018,148000,Riyadh,excellent,8,39,2024-04,36500
L01047,Hyundai,2022,69100,Riyadh,fair,19,57,2024-02,59200
L01048,Hyundai,2022,82900,Riyadh,excellent,3,40,2024-08,40100
L01049,Nissan,2022,79800,Jeddah,good,20,16,2025-08,43800
L01050,Nissan,2024,39900,Jeddah,good,7,58,2025-04,91700
L01051,Toyota,2019,123300,Riyadh,good,5,72,2025-02,34100
L01052,BMW,2014,252200,Riyadh,fair,3,45,2024-07,72500
L01053,Ford,2016,199300,Dammam,excellent,12,73,2024-09,24000
L01054,Ford,2019,138900,Jeddah,excellent,18,85,2025-08,29800
L01055,Toyota,2023,59800,Riyadh,good,15,11,2024-02,56900
L01056,Nissan,2016,165600,Makkah,excellent,14,88,2025-01,26600
L01057,Toyota,2011,308000,Dammam,good,11,51,2024-06,25000
L01058,Chevrolet,2017,155900,Jeddah,good,14,5,2025-03,20500
L01059,Toyota,2014,260000,Riyadh,good,6,70,2024-09,25300
L01060,Ford,2020,111600,Dammam,good,24,10,2024-07,31100
L01061,Kia,2017,177100,Dammam,excellent,7,23,2024-11,31200
L01062,Hyundai,2015,182800,Dammam,good,16,37,2024-02,22500
L01063,Hyundai,2023,55800,Riyadh,good,7,21,2024-08,50500
L01064,Toyota,2022,109600,Jeddah,excellent,16,76,2024-03,31900
L01065,Toyota,2008,336100,Riyadh,good,7,46,2024-01,16500
L01066,Toyota,2009,260400,Makkah,fair,21,67,2025-04,11100
L01067,Toyota,2011,315500,Riyadh,fair,11,76,2024-04,8000
L01068,Mazda,2008,318700,Jeddah,good,10,47,2025-02,15200
L01069,Lexus,2017,158900,Riyadh,good,8,44,2024-06,66000
L01070,Mazda,2014,226700,Dammam,excellent,14,53,2025-04,15500
L01071,Toyota,2015,159500,Jeddah,good,22,77,2024-01,15300
L01072,Lexus,2014,225400,Riyadh,good,11,47,2025-09,39600
L01073,BMW,2009,335900,Makkah,good,19,56,2024-06,18000
L01074,Ford,2017,142100,Riyadh,fair,3,77,2024-03,31800
L01075,Mazda,2022,105700,Dammam,good,23,1,2024-09,62200
L01076,Toyota,2025,19300,Riyadh,good,23,33,2025-04,76800
L01077,Mercedes,2024,36700,Makkah,excellent,8,64,2025-09,125800
L01078,Toyota,2019,118200,Dammam,good,11,48,2024-09,58500
L01079,Toyota,2010,281500,Jeddah,good,17,58,2024-05,10000
L01080,Toyota,2025,10700,Jeddah,excellent,20,33,2024-10,43100
L01081,Kia,2022,77900,Jeddah,excellent,18,3,2024-02,46600
L01082,Chevrolet,2008,284200,Riyadh,fair,4,66,2025-05,15500
L01083,Hyundai,2015,198800,Jeddah,good,5,62,2025-06,27600
L01084,Chevrolet,2022,59700,Riyadh,excellent,20,87,2024-12,58200
L01085,Nissan,2024,24000,Jeddah,excellent,8,43,2024-07,78000
L01086,Lexus,2013,235000,Riyadh,good,24,38,2024-05,48200
L01087,Chevrolet,2010,328000,Riyadh,good,8,68,2024-11,12400
L01088,Hyundai,2009,365100,Jeddah,excellent,20,24,2025-05,10900
L01089,Toyota,2024,34400,Madinah,excellent,4,52,2025-01,116500
L01090,Chevrolet,2008,354600,Riyadh,good,8,66,2024-07,8300
L01091,Ford,2024,37900,Dammam,good,5,3,2025-04,79200
L01092,Nissan,2011,314700,Dammam,good,22,41,2024-06,18100
L01093,Toyota,2008,344600,Dammam,fair,22,32,2024-07,11600
L01094,Kia,2018,212200,Madinah,good,8,27,2025-03,30400
L01095,Hyundai,2010,324000,Madinah,good,24,85,2025-02,8000
L01096,Nissan,2013,330500,Madinah,fair,9,43,2024-10,20600
L01097,Hyundai,2014,258600,Dammam,good,4,50,2025-05,12500
L01098,Chevrolet,2017,185500,Makkah,excellent,12,44,2024-03,17900
L01099,Chevrolet,2024,48900,Jeddah,fair,18,75,2025-02,63900
L01100,Toyota,2011,316000,Makkah,fair,5,69,2024-03,8000
L01101,Mercedes,2023,72700,Dammam,good,13,62,2025-08,142100
L01102,Chevrolet,2020,83800,Jeddah,fair,15,37,2025-08,48400
L01103,Mercedes,2017,146200,Jeddah,good,17,41,2025-02,70800
L01104,Toyota,2021,113500,Jeddah,excellent,20,39,2024-10,41900
L01105,Ford,2008,308700,Riyadh,excellent,7,15,2025-09,8000
L01106,Mercedes,2025,23700,Riyadh,excellent,24,18,2024-11,196300
L01107,Mercedes,2008,357900,Riyadh,good,13,66,2024-05,27200
L01108,Nissan,2018,108900,Jeddah,good,12,65,2024-03,34500
L01109,Nissan,2024,40600,Dammam,fair,20,31,2025-04,79600
L01110,Mazda,2013,243800,Riyadh,good,16,31,2024-05,17300
L01111,Toyota,2017,183000,Dammam,good,13,49,2024-05,44100
L01112,Toyota,2014,236300,Jeddah,excellent,16,38,2024-05,21300
L01113,Ford,2023,34200,Jeddah,fair,8,32,2024-11,66000
L01114,Toyota,2020,129100,Jeddah,good,22,35,2025-08,49900
L01115,Toyota,2022,92800,Dammam,excellent,20,6,2025-01,65900
L01116,Toyota,2016,158800,Riyadh,fair,4,89,2024-05,20400
L01117,Toyota,2009,326400,Riyadh,fair,24,6,2024-10,12500
L01118,Nissan,2020,103800,Makkah,fair,15,12,2024-02,66500
L01119,Hyundai,2015,218800,Riyadh,excellent,7,15,2025-02,21500
L01120,Mazda,2014,223400,Riyadh,excellent,6,26,2024-03,14600
L01121,Kia,2023,66100,Jeddah,excellent,23,73,2024-07,51200
L01122,BMW,2014,192200,Riyadh,good,23,41,2024-08,75600
L01123,Toyota,2022,91500,Jeddah,good,18,3,2024-04,61700
L01124,Kia,2013,232600,Makkah,good,23,19,2025-07,14300
L01125,Kia,2011,172900,Jeddah,good,6,46,2024-05,18700
L01126,Toyota,2021,101200,Madinah,fair,18,53,2024-02,34900
L01127,Toyota,2018,140100,Riyadh,good,20,43,2025-07,26100
L01128,Toyota,2009,257600,Riyadh,good,19,62,2024-03,8000
L01129,Hyundai,2019,116100,Jeddah,good,12,74,2025-02,38100
L01130,Kia,2025,12600,Dammam,good,4,31,2024-10,48700
L01131,Toyota,2008,308700,Riyadh,fair,15,51,2024-06,8200
L01132,Nissan,2016,203500,Riyadh,good,23,83,2025-02,35200
L01133,Hyundai,2018,169100,Jeddah,good,19,72,2025-08,25700
L01134,Lexus,2019,144700,Makkah,good,24,39,2024-08,194100
L01135,Mercedes,2009,369600,Madinah,good,7,17,2024-06,40400
L01136,Nissan,2023,85800,Riyadh,good,24,51,2025-08,33800
L01137,Kia,2021,107100,Makkah,excellent,22,30,2025-06,53800
L01138,Mercedes,2012,224900,Jeddah,excellent,11,71,2025-05,43700
L01139,Toyota,2015,143400,Dammam,excellent,18,84,2025-01,16400
L01140,Toyota,2016,192600,Dammam,good,16,43,2024-04,31200
L01141,Kia,2021,56500,Madinah,good,8,35,2024-02,53200
L01142,Kia,2009,349200,Riyadh,good,24,67,2024-10,11300
L01143,Kia,2020,120100,Riyadh,good,19,53,2025-10,30400
L01144,Toyota,2017,201500,Dammam,fair,20,72,2024-02,25200
L01145,Toyota,2012,272800,Riyadh,fair,23,85,2025-06,15800
L01146,Ford,2012,283900,Riyadh,good,4,26,2024-10,18500
L01147,Toyota,2024,9800,Jeddah,good,3,25,2024-07,38200
L01148,Hyundai,2012,312900,Riyadh,fair,23,27,2025-10,16900
L01149,Toyota,2023,76300,Jeddah,excellent,22,5,2024-04,69000
L01150,Toyota,2014,208000,Madinah,fair,14,18,2024-09,28000
L01151,Toyota,2014,232900,Jeddah,fair,23,72,2024-11,24000
L01152,Nissan,2010,314000,Riyadh,excellent,19,1,2025-06,16100
L01153,Toyota,2019,92900,Dammam,fair,18,84,2025-08,39400
L01154,Kia,2017,186800,Dammam,excellent,21,15,2024-02,41500
L01155,Ford,2015,167600,Riyadh,good,9,67,2024-07,17400
L01156,Toyota,2024,27100,Makkah,good,6,6,2025-07,63400
L01157,Chevrolet,2023,42300,Riyadh,excellent,17,36,2025-08,45600
L01158,Toyota,2011,334800,Jeddah,excellent,14,67,2024-04,10200
L01159,Nissan,2008,365700,Dammam,good,16,22,2024-06,10900
L01160,Hyundai,2020,131700,Makkah,good,20,71,2024-12,43300
L01161,Ford,2009,346200,Jeddah,good,9,63,2024-07,8200
L01162,Chevrolet,2012,330000,Dammam,fair,23,33,2025-04,15000
L01163,Hyundai,2021,103100,Riyadh,good,4,5,2024-05,66200
L01164,Toyota,2024,52700,Riyadh,fair,15,34,2025-03,60600
L01165,Nissan,2023,39800,Jeddah,good,10,21,2024-12,56000
L01166,Toyota,2021,102600,Jeddah,good,16,86,2024-09,46900
L01167,Mazda,2025,11000,Dammam,fair,15,67,2025-09,60300
L01168,Hyundai,2023,81500,Jeddah,good,19,39,2025-01,46900
L01169,Kia,2023,78900,Makkah,excellent,10,57,2024-06,45300
L01170,Chevrolet,2020,102600,Riyadh,good,20,12,2024-06,40600
L01171,BMW,2020,133400,Riyadh,good,13,43,2025-10,103700
L01172,Kia,2013,230200,Dammam,good,8,33,2025-06,15100
L01173,Mercedes,2010,249000,Jeddah,good,21,79,2024-02,48500
L01174,Ford,2015,205800,Madinah,excellent,17,44,2025-03,23100
L01175,Hyundai,2011,328700,Madinah,fair,20,60,2024-08,19100
L01176,Kia,2023,35900,Jeddah,excellent,23,16,2024-10,100100
L01177,Hyundai,2025,30900,Dammam,good,24,54,2024-05,80000
L01178,Mercedes,2024,53300,Dammam,fair,19,84,2025-04,160500
L01179,Hyundai,2009,354600,Riyadh,fair,22,53,2024-05,10800
L01180,Toyota,2011,296700,Dammam,good,12,52,2024-10,23600
L01181,Hyundai,2022,63300,Riyadh,good,13,29,2025-07,37400
L01182,Nissan,2010,308400,Madinah,good,3,12,2024-10,15400
L01183,Toyota,2022,117600,Riyadh,fair,11,29,2025-04,37900
L01184,Mazda,2021,109500,Makkah,good,7,22,2025-05,29300
L01185,Chevrolet,2009,310800,Madinah,excellent,23,17,2025-10,8000
L01186,Toyota,2017,104200,Riyadh,fair,8,26,2024-02,33200
L01187,Chevrolet,2012,212600,Riyadh,good,9,13,2024-02,13600
L01188,Toyota,2016,175600,Riyadh,excellent,8,27,2024-06,28600
L01189,Kia,2016,178800,Riyadh,good,17,7,2024-01,36700
L01190,Lexus,2008,281600,Makkah,good,23,38,2024-01,22200
L01191,Toyota,2015,233000,Jeddah,fair,4,88,2024-07,29100
L01192,Nissan,2014,271200,Jeddah,fair,17,19,2025-01,24300
L01193,Lexus,2015,156600,Jeddah,fair,18,82,2025-08,34100
L01194,Mercedes,2023,54900,Riyadh,good,5,86,2024-11,153300
L01195,BMW,2013,199500,Dammam,excellent,8,48,2024-09,56700
L01196,Toyota,2008,376500,Makkah,good,20,42,2025-03,8200
L01197,Ford,2014,254400,Madinah,good,15,31,2024-11,17000
L01198,Hyundai,2016,188500,Jeddah,excellent,17,78,2025-04,26400
L01199,Hyundai,2011,298500,Dammam,good,14,28,2025-04,16000
L01200,Ford,2021,87600,Madinah,good,10,64,2025-05,47700
L01201,Toyota,2025,30800,Riyadh,good,21,26,2025-08,58500
L01202,Toyota,2016,203800,Jeddah,good,3,18,2024-09,14200
L01203,Lexus,2013,266000,Jeddah,good,11,82,2024-03,53700
L01204,Hyundai,2021,118500,Madinah,good,22,88,2025-07,46600
L01205,Nissan,2022,71500,Jeddah,excellent,10,71,2025-07,68200
L01206,Kia,2012,272500,Makkah,good,12,34,2025-05,12000
L01207,Toyota,2020,81000,Makkah,excellent,5,84,2024-11,57900
L01208,Chevrolet,2022,85000,Jeddah,fair,5,82,2025-02,38800
L01209,Nissan,2008,316900,Dammam,fair,5,68,2024-08,9800
L01210,Nissan,2009,356700,Jeddah,excellent,16,88,2024-09,11000
L01211,Kia,2014,271600,Riyadh,excellent,6,19,2025-03,30900
L01212,Toyota,2015,227100,Jeddah,good,14,82,2025-04,22200
L01213,Ford,2018,115300,Dammam,good,17,65,2024-06,22300
L01214,Kia,2020,101200,Dammam,excellent,8,37,2024-07,32100
L01215,Hyundai,2025,18300,Dammam,excellent,9,70,2025-05,89000
L01216,Hyundai,2022,78100,Jeddah,fair,5,11,2024-05,68300
L01217,Toyota,2015,194100,Riyadh,fair,11,54,2025-10,15300
L01218,Chevrolet,2008,397100,Riyadh,good,3,39,2025-05,11300
L01219,Nissan,2015,248400,Riyadh,fair,10,58,2024-01,32600
L01220,Hyundai,2013,261400,Dammam,excellent,24,10,2024-09,23200
L01221,Mercedes,2012,236400,Dammam,good,17,33,2024-03,58300
L01222,Toyota,2017,166800,Riyadh,fair,13,69,2025-03,41100
L01223,Mercedes,2008,249000,Jeddah,fair,13,56,2024-02,27000
L01224,Hyundai,2016,184900,Jeddah,good,12,55,2025-06,18600
L01225,BMW,2018,144200,Jeddah,good,17,73,2024-02,58500
L01226,Toyota,2017,181400,Riyadh,fair,20,61,2024-08,23000
L01227,Toyota,2011,331300,Riyadh,excellent,3,23,2024-12,16300
L01228,Toyota,2009,359500,Riyadh,fair,18,49,2025-07,8000
L01229,Toyota,2008,339400,Dammam,good,14,39,2025-08,8000
L01230,Hyundai,2012,261800,Riyadh,good,6,29,2025-03,12800
L01231,Toyota,2013,296000,Madinah,excellent,24,74,2024-08,8000
L01232,Mercedes,2016,239000,Jeddah,excellent,17,14,2025-10,52600
L01233,Hyundai,2025,31800,Dammam,fair,23,25,2024-10,39200
L01234,Ford,2013,222900,Jeddah,good,5,40,2025-04,15600
L01235,Ford,2022,67000,Riyadh,fair,8,11,2025-07,49300
L01236,Chevrolet,2020,136900,Riyadh,excellent,18,33,2025-02,36700
L01237,Toyota,2024,22100,Jeddah,good,22,7,2024-12,66900
L01238,Ford,2023,68000,Jeddah,good,5,10,2024-08,88500
L01239,Hyundai,2024,53200,Riyadh,fair,20,3,2025-09,69000
L01240,Lexus,2019,160200,Riyadh,fair,15,24,2024-05,55800
L01241,Chevrolet,2024,48700,Riyadh,excellent,6,68,2024-03,58000
L01242,Mercedes,2024,22500,Dammam,excellent,16,39,2025-09,211100
L01243,Mercedes,2014,254700,Riyadh,good,7,58,2025-01,38400
L01244,Lexus,2022,84400,Riyadh,good,11,67,2024-07,186200
L01245,Toyota,2008,361300,Makkah,excellent,23,47,2024-06,8000
L01246,Hyundai,2008,314500,Riyadh,excellent,15,19,2025-10,8000
L01247,Hyundai,2022,69000,Madinah,good,15,53,2025-03,27900
L01248,Nissan,2018,123900,Dammam,good,6,27,2024-09,27900
L01249,Toyota,2012,297900,Riyadh,good,18,32,2024-03,14600
L01250,Lexus,2022,69700,Riyadh,fair,13,28,2025-03,95500
L01251,Chevrolet,2022,97000,Jeddah,good,19,85,2025-10,67200
L01252,Hyundai,2018,178100,Riyadh,good,15,85,2024-01,32300
L01253,Ford,2024,54900,Jeddah,good,18,51,2025-04,68200
L01254,Chevrolet,2019,155400,Madinah,good,14,7,2025-01,41400
L01255,Kia,2022,63800,Riyadh,excellent,6,77,2024-05,71500
L01256,Toyota,2022,90700,Dammam,fair,13,65,2025-04,44600
L01257,Toyota,2022,78600,Riyadh,good,6,43,2024-11,50200
L01258,Nissan,2018,143300,Riyadh,good,11,10,2024-12,32900
L01259,Nissan,2011,280000,Dammam,excellent,10,80,2024-02,9500
L01260,Toyota,2012,285800,Riyadh,good,20,0,2025-09,12200
L01261,Nissan,2009,289100,Makkah,good,14,22,2024-08,9100
L01262,Toyota,2013,234600,Makkah,good,13,86,2025-10,16700
L01263,Ford,2024,30400,Riyadh,good,9,24,2024-12,82900
L01264,Nissan,2008,344000,Riyadh,fair,22,32,2024-01,11000
L01265,Lexus,2024,46000,Jeddah,excellent,22,69,2025-09,141700
L01266,Hyundai,2023,38300,Riyadh,excellent,5,57,2025-10,63300
L01267,Mazda,2008,337000,Dammam,fair,22,42,2025-09,8000
L01268,Toyota,2024,23600,Riyadh,fair,23,31,2025-08,65200
L01269,Toyota,2014,198100,Jeddah,good,5,67,2024-03,14000
L01270,Toyota,2017,187900,Riyadh,excellent,9,68,2025-07,28800
L01271,Nissan,2014,232300,Jeddah,fair,19,14,2025-10,12000
L01272,Toyota,2013,218400,Dammam,good,23,76,2024-12,18200
L01273,Nissan,2014,247600,Jeddah,excellent,4,44,2025-04,24200
L01274,Kia,2017,223800,Jeddah,good,8,35,2025-01,34100
L01275,Nissan,2019,158600,Dammam,good,11,38,2024-06,22700
L01276,Chevrolet,2014,252400,Riyadh,good,22,19,2024-01,28400
L01277,Chevrolet,2019,125200,Dammam,fair,9,35,2025-07,39500
L01278,Toyota,2009,304700,Riyadh,good,11,47,2025-02,8000
L01279,Toyota,2014,278000,Riyadh,excellent,18,71,2025-05,17100
L01280,Hyundai,2012,281700,Riyadh,excellent,7,82,2024-12,14200
L01281,Toyota,2023,50300,Madinah,fair,23,68,2024-09,47500
L01282,Nissan,2009,288300,Dammam,fair,15,0,2024-04,8000
L01283,Toyota,2012,252500,Riyadh,good,6,85,2024-07,11400
L01284,Toyota,2013,265900,Dammam,fair,13,40,2024-07,15000
L01285,Kia,2020,156300,Dammam,good,24,26,2024-11,23500
L01286,Toyota,2016,192800,Riyadh,good,18,81,2024-08,17100
L01287,Ford,2015,221500,Jeddah,excellent,4,56,2024-03,16400
L01288,Toyota,2011,319600,Riyadh,good,9,77,2024-03,10900
L01289,Ford,2025,29800,Riyadh,good,7,33,2024-09,43700
L01290,Toyota,2014,212100,Madinah,excellent,17,34,2024-06,15800
L01291,Hyundai,2025,19800,Dammam,excellent,18,59,2025-03,47500
L01292,Toyota,2014,301600,Jeddah,good,11,75,2024-01,12300
L01293,Hyundai,2010,304300,Riyadh,good,22,77,2025-07,8000
L01294,Hyundai,2010,324500,Makkah,good,4,40,2024-12,8000
L01295,Toyota,2013,258500,Makkah,good,6,66,2024-10,18500
L01296,Toyota,2020,94900,Riyadh,fair,13,55,2025-08,41000
L01297,Mazda,2012,273500,Jeddah,good,10,40,2024-06,19700
L01298,Kia,2011,238000,Jeddah,good,15,41,2025-08,15100
L01299,Chevrolet,2012,287400,Riyadh,good,5,5,2025-07,14600
L01300,Kia,2011,281300,Madinah,good,14,69,2024-04,8000
L01301,Chevrolet,2023,25400,Makkah,good,17,82,2024-01,43600
L01302,Toyota,2014,279100,Dammam,good,6,1,2024-09,14700
L01303,BMW,2017,163700,Makkah,excellent,23,63,2025-03,117100
L01304,Lexus,2022,58600,Riyadh,excellent,7,0,2024-01,104700
L01305,Toyota,2011,229000,Makkah,good,24,45,2024-01,12400
L01306,Hyundai,2017,188700,Madinah,good,7,87,2024-08,31300
L01307,Hyundai,2020,104700,Jeddah,good,18,2,2025-01,47700
L01308,Kia,2012,244600,Dammam,good,8,5,2025-08,12100
L01309,Ford,2009,379800,Makkah,good,17,10,2024-08,9300
L01310,Toyota,2025,26400,Riyadh,good,11,87,2025-02,64900
L01311,Hyundai,2020,65700,Riyadh,fair,3,13,2024-12,71600
L01312,Toyota,2021,97500,Jeddah,fair,9,1,2024-12,24400
L01313,Kia,2008,355700,Dammam,good,10,8,2024-12,11400
L01314,Hyundai,2024,33500,Dammam,good,23,61,2025-01,50800
L01315,Lexus,2025,9600,Riyadh,excellent,11,86,2024-10,268300
L01316,Toyota,2019,107500,Dammam,excellent,12,21,2025-09,41700
L01317,Mercedes,2010,286600,Jeddah,good,22,80,2024-12,29900
L01318,Nissan,2018,195400,Jeddah,good,12,11,2025-06,21600
L01319,Toyota,2022,81200,Jeddah,good,19,57,2024-05,52600
L01320,Lexus,2017,191700,Dammam,good,20,82,2025-05,78700
L01321,Kia,2023,54200,Riyadh,good,13,22,2025-10,52900
L01322,Mazda,2025,12800,Riyadh,good,12,75,2025-02,50300
L01323,Chevrolet,2020,127700,Riyadh,good,17,64,2025-03,61200
L01324,Mercedes,2023,61100,Jeddah,excellent,14,49,2024-07,132500
L01325,Hyundai,2024,44800,Dammam,good,16,57,2025-03,59900
L01326,BMW,2015,268900,Jeddah,excellent,18,88,2025-02,40000
L01327,Toyota,2021,86400,Jeddah,good,5,40,2025-04,23200
L01328,Kia,2019,72700,Jeddah,good,22,52,2024-08,46500
L01329,Hyundai,2010,263400,Riyadh,fair,7,88,2024-08,8200
L01330,Mercedes,2024,53400,Jeddah,good,17,54,2025-07,149200
L01331,Mercedes,2011,318200,Jeddah,good,11,0,2024-12,27200
L01332,Toyota,2023,30900,Makkah,fair,10,84,2025-02,70600
L01333,Toyota,2008,362100,Dammam,good,5,64,2025-01,8000
L01334,Toyota,2014,236700,Makkah,good,15,62,2024-12,23800
L01335,Toyota,2024,30500,Riyadh,fair,19,71,2024-10,54400
L01336,BMW,2017,162800,Riyadh,good,16,57,2025-02,67300
L01337,Toyota,2020,130500,Riyadh,good,9,5,2025-08,49800
L01338,Ford,2023,73500,Jeddah,fair,18,88,2024-10,48400
L01339,Toyota,2009,318600,Makkah,good,7,18,2024-04,8000
L01340,Nissan,2010,268100,Jeddah,good,3,57,2025-06,11100
L01341,Toyota,2011,302900,Jeddah,good,9,64,2024-09,10400
L01342,Toyota,2021,150800,Jeddah,excellent,4,39,2024-09,44800
L01343,Kia,2016,188900,Riyadh,fair,15,53,2024-04,21600
L01344,Toyota,2013,238400,Jeddah,excellent,21,35,2024-02,24200
L01345,Lexus,2008,327500,Dammam,excellent,22,85,2024-09,28500
L01346,Toyota,2016,204200,Jeddah,good,17,33,2025-05,15500
L01347,Toyota,2023,53000,Dammam,good,8,4,2025-10,41300
L01348,BMW,2012,298800,Dammam,excellent,23,79,2025-09,38600
L01349,Ford,2011,286200,Riyadh,good,19,30,2025-08,17400
L01350,Kia,2025,24300,Riyadh,good,7,41,2024-03,72500
L01351,BMW,2015,213000,Riyadh,good,12,63,2024-02,32600
L01352,Toyota,2024,25600,Riyadh,fair,16,69,2025-04,50100
L01353,Hyundai,2020,106100,Riyadh,good,23,73,2025-05,44700
L01354,Hyundai,2010,319000,Makkah,good,11,7,2024-10,10000
L01355,Nissan,2017,121900,Jeddah,excellent,5,43,2025-09,37900
L01356,Hyundai,2023,66300,Riyadh,excellent,3,51,2025-03,76400
L01357,Lexus,2023,47000,Jeddah,good,4,2,2024-12,121500
L01358,Hyundai,2025,29500,Jeddah,excellent,10,3,2025-09,75500
L01359,Nissan,2022,54300,Makkah,excellent,5,69,2024-07,43800
L01360,Ford,2015,184900,Riyadh,fair,20,27,2025-07,23600
L01361,Kia,2009,342100,Riyadh,good,20,60,2025-07,8000
L01362,Toyota,2018,161500,Dammam,good,7,67,2025-10,38900
L01363,Nissan,2009,338200,Madinah,excellent,17,77,2025-06,9300
L01364,Nissan,2024,59200,Dammam,good,16,62,2025-03,38000
L01365,Toyota,2015,215600,Jeddah,excellent,23,56,2025-10,21000
L01366,Toyota,2024,35600,Riyadh,excellent,8,15,2025-06,48400
L01367,Hyundai,2022,85900,Madinah,fair,5,44,2024-12,44900
L01368,Hyundai,2010,331700,Dammam,good,4,60,2025-03,19200
L01369,Toyota,2020,91200,Riyadh,good,11,41,2025-10,45300
L01370,Hyundai,2014,264000,Madinah,good,16,53,2024-12,15600
L01371,Nissan,2014,172400,Riyadh,good,4,20,2025-06,22500
L01372,Toyota,2010,276200,Riyadh,good,15,74,2025-04,10200
L01373,Hyundai,2018,194300,Jeddah,excellent,10,40,2025-05,26600
L01374,Toyota,2012,319900,Jeddah,excellent,6,87,2024-01,21100
L01375,Mercedes,2018,146700,Riyadh,fair,21,80,2024-03,105000
L01376,Kia,2023,49000,Riyadh,fair,5,26,2025-07,71200
L01377,Kia,2023,86500,Jeddah,good,11,65,2024-01,46300
L01378,Nissan,2015,196300,Dammam,excellent,7,57,2025-01,18100
L01379,BMW,2020,86400,Dammam,good,19,17,2024-12,127000
L01380,Hyundai,2009,286600,Dammam,good,4,71,2024-09,8800
L01381,Kia,2023,61000,Jeddah,good,11,56,2025-02,38700
L01382,Hyundai,2014,188600,Jeddah,fair,14,23,2025-06,23800
L01383,Hyundai,2017,182400,Riyadh,excellent,24,25,2025-09,27100
L01384,Chevrolet,2017,193700,Madinah,excellent,15,13,2024-04,26400
L01385,Toyota,2011,279800,Jeddah,good,19,83,2024-09,9100
L01386,Mazda,2020,80000,Riyadh,good,21,20,2025-02,30900
L01387,Hyundai,2025,36100,Riyadh,good,4,74,2024-12,69100
L01388,Ford,2014,198400,Dammam,excellent,21,63,2024-11,18900
L01389,Mercedes,2015,217800,Jeddah,good,20,69,2024-02,53700
L01390,Toyota,2009,306800,Riyadh,excellent,11,34,2025-03,10600
L01391,Mercedes,2013,243700,Jeddah,fair,6,45,2025-01,53500
L01392,Hyundai,2025,24300,Riyadh,good,13,26,2025-07,35500
L01393,Kia,2022,84100,Jeddah,fair,15,63,2025-08,75100
L01394,Ford,2010,323600,Madinah,excellent,14,21,2025-03,8000
L01395,Mercedes,2012,307500,Dammam,excellent,14,2,2024-09,41300
L01396,Ford,2020,98400,Riyadh,fair,6,15,2025-04,36600
L01397,Kia,2018,129800,Jeddah,fair,15,15,2024-07,53900
L01398,Hyundai,2013,238700,Riyadh,excellent,14,40,2024-10,18300
L01399,Hyundai,2014,262800,Riyadh,good,22,21,2024-02,21500
L01400,Toyota,2017,164200,Riyadh,excellent,16,75,2024-05,30500
L01401,Mazda,2010,327100,Riyadh,good,17,38,2024-10,11700
L01402,Toyota,2020,120100,Madinah,good,17,53,2024-03,44700
L01403,Kia,2011,269500,Madinah,good,14,15,2024-07,12700
L01404,Nissan,2019,146200,Makkah,excellent,11,60,2025-02,51400
L01405,Hyundai,2019,141600,Jeddah,excellent,19,39,2024-10,50200
L01406,Mercedes,2014,276800,Madinah,good,21,0,2024-04,66600
L01407,Chevrolet,2018,167700,Dammam,good,13,70,2025-04,37000
L01408,Kia,2011,279100,Riyadh,excellent,5,80,2024-02,13600
L01409,Nissan,2013,250200,Madinah,good,5,21,2025-09,12900
L01410,Chevrolet,2011,254600,Jeddah,fair,8,75,2025-07,9100
L01411,Hyundai,2020,136600,Dammam,good,4,68,2025-09,50800
L01412,Mercedes,2019,90000,Riyadh,good,15,81,2025-05,92500
L01413,BMW,2021,72800,Makkah,excellent,18,16,2024-12,94400
L01414,Chevrolet,2015,192900,Riyadh,fair,19,19,2025-03,20900
L01415,Mercedes,2023,76700,Riyadh,good,12,10,2024-12,127000
L01416,Ford,2020,129300,Dammam,excellent,4,30,2025-05,29700
L01417,Toyota,2018,177200,Madinah,fair,13,47,2025-04,19700
L01418,Ford,2015,145700,Riyadh,excellent,19,42,2024-10,27500
L01419,Hyundai,2017,195200,Madinah,good,12,82,2025-04,28300
L01420,Nissan,2013,269800,Riyadh,fair,17,78,2025-06,20700
L01421,Toyota,2013,238400,Riyadh,good,17,21,2024-02,15200
L01422,BMW,2011,292500,Riyadh,fair,9,66,2025-03,53300
L01423,Nissan,2009,343800,Jeddah,good,22,62,2024-06,10000
L01424,Nissan,2011,304600,Riyadh,excellent,19,80,2025-01,9500
L01425,Hyundai,2012,288400,Riyadh,good,17,24,2025-10,8100
L01426,Toyota,2022,88700,Jeddah,good,24,74,2025-07,61900
L01427,Toyota,2015,191200,Makkah,excellent,21,49,2024-12,12700
L01428,Ford,2008,318200,Makkah,good,5,19,2024-09,8700
L01429,Hyundai,2010,330800,Riyadh,good,16,61,2025-06,15300
L01430,Hyundai,2010,336600,Jeddah,good,10,48,2024-08,17000
L01431,Ford,2025,18600,Dammam,good,6,28,2024-03,115300
L01432,Toyota,2008,317100,Dammam,good,10,15,2025-04,8000
L01433,Hyundai,2017,144500,Riyadh,excellent,23,25,2025-01,30800
L01434,Kia,2019,168900,Riyadh,fair,16,10,2025-02,19800
L01435,Hyundai,2018,132200,Jeddah,good,15,79,2025-01,27300
L01436,Toyota,2009,328000,Makkah,excellent,20,44,2024-06,9800
L01437,Chevrolet,2015,192200,Riyadh,fair,11,30,2025-10,21200
L01438,Ford,2019,130200,Madinah,excellent,14,57,2025-04,37500
L01439,Toyota,2016,234600,Riyadh,good,4,33,2025-05,27500
L01440,Nissan,2024,14800,Dammam,excellent,20,65,2024-05,89400
L01441,Nissan,2010,290000,Makkah,excellent,16,35,2024-09,9400
L01442,Toyota,2009,341500,Jeddah,good,18,15,2025-10,8400
L01443,Kia,2024,18600,Riyadh,good,18,14,2024-02,48200
L01444,Mazda,2014,213500,Jeddah,good,11,41,2025-05,19600
L01445,Mercedes,2022,79600,Jeddah,excellent,8,71,2025-03,156200
L01446,Kia,2015,191800,Riyadh,excellent,8,46,2025-08,27800
L01447,Hyundai,2009,331100,Riyadh,fair,23,88,2025-05,10800
L01448,Toyota,2014,205300,Dammam,fair,14,37,2024-11,18800
L01449,Ford,2019,98200,Makkah,fair,22,33,2024-07,28100
L01450,Mercedes,2024,41300,Jeddah,fair,13,78,2024-05,289700
L01451,Toyota,2024,60800,Riyadh,excellent,23,17,2025-05,59300
L01452,Ford,2024,36800,Riyadh,good,5,72,2025-01,90600
L01453,Toyota,2025,6600,Riyadh,good,9,53,2024-07,72200
L01454,Nissan,2014,201400,Dammam,good,12,8,2024-07,18000
L01455,Nissan,2016,235000,Jeddah,fair,6,14,2024-08,16600
L01456,Toyota,2022,108500,Dammam,good,8,40,2025-01,51800
L01457,Kia,2015,197700,Makkah,good,23,41,2025-01,20400
L01458,Toyota,2025,25700,Madinah,excellent,8,6,2024-11,84700
L01459,Mercedes,2016,187100,Jeddah,fair,4,53,2024-03,92700
L01460,Kia,2024,37000,Madinah,fair,8,88,2024-01,71100
L01461,Toyota,2020,117800,Dammam,good,8,89,2024-03,44800
L01462,Kia,2009,319200,Riyadh,good,8,56,2024-06,10400
L01463,Mazda,2021,73300,Riyadh,excellent,6,72,2024-09,50600
L01464,Toyota,2023,54900,Makkah,excellent,13,72,2024-03,44000
L01465,Ford,2012,277300,Riyadh,excellent,15,22,2024-10,27900
L01466,Toyota,2023,45200,Riyadh,good,18,82,2024-11,42700
L01467,Lexus,2022,86900,Dammam,good,11,0,2025-01,115700
L01468,Chevrolet,2018,145100,Jeddah,excellent,3,71,2025-03,26200
L01469,BMW,2017,155100,Dammam,excellent,10,7,2025-10,73400
L01470,Hyundai,2008,389400,Jeddah,fair,6,25,2025-09,9600
L01471,Hyundai,2011,334200,Jeddah,excellent,15,36,2024-05,10200
L01472,BMW,2014,208100,Riyadh,good,10,3,2025-08,33700
L01473,Nissan,2021,105400,Riyadh,fair,13,47,2025-06,28600
L01474,Hyundai,2025,2300,Jeddah,excellent,23,64,2025-03,51600
L01475,Nissan,2010,311100,Riyadh,excellent,9,89,2024-12,14600
L01476,Toyota,2016,180800,Jeddah,excellent,15,64,2024-04,23900
L01477,Hyundai,2019,117000,Riyadh,good,9,65,2024-09,51200
L01478,Lexus,2023,58600,Riyadh,good,11,61,2024-12,233000
L01479,Toyota,2022,89100,Riyadh,fair,6,10,2024-02,66700
L01480,Toyota,2009,396100,Dammam,excellent,8,67,2025-01,10800
L01481,Toyota,2012,258100,Riyadh,good,3,63,2025-04,12400
L01482,Kia,2014,234400,Riyadh,good,14,83,2024-02,19200
L01483,BMW,2014,197800,Riyadh,excellent,6,32,2025-07,51600
L01484,Mercedes,2009,336000,Jeddah,fair,11,69,2025-05,25300
L01485,Toyota,2013,269000,Jeddah,good,11,0,2025-02,15100
L01486,Toyota,2013,198000,Makkah,excellent,3,24,2024-05,22900
L01487,Hyundai,2017,164600,Riyadh,good,6,57,2025-03,36200
L01488,Toyota,2024,49300,Jeddah,good,19,44,2025-02,56900
L01489,BMW,2024,53100,Riyadh,excellent,8,47,2025-06,254100
L01490,Nissan,2019,162200,Riyadh,good,7,5,2024-09,47100
L01491,Nissan,2016,192100,Dammam,good,7,65,2024-02,22900
L01492,Toyota,2023,79000,Dammam,good,14,88,2024-05,55400
L01493,Lexus,2018,180200,Riyadh,excellent,13,87,2025-03,100300
L01494,Mercedes,2012,298800,Makkah,good,8,75,2024-11,47500
L01495,Lexus,2025,500,Riyadh,fair,16,1,2024-01,166200
L01496,Hyundai,2011,255200,Jeddah,excellent,10,7,2024-08,18400
L01497,Kia,2012,326500,Jeddah,good,10,0,2025-10,14500
L01498,Hyundai,2021,104300,Riyadh,good,14,5,2024-11,44800
L01499,Chevrolet,2009,295900,Riyadh,excellent,21,21,2025-01,11500
L01500,Nissan,2020,140600,Dammam,excellent,11,22,2024-09,44900
L01501,BMW,2024,42700,Riyadh,good,23,33,2025-03,124200
L01502,Toyota,2022,86200,Riyadh,excellent,3,71,2025-07,46800
L01503,Toyota,2015,184100,Riyadh,good,12,48,2024-10,19800
L01504,Nissan,2023,24900,Dammam,excellent,3,86,2025-04,47300
L01505,Toyota,2011,341600,Jeddah,good,13,15,2025-08,12600
L01506,Mazda,2010,285300,Dammam,excellent,6,76,2025-07,14000
L01507,Chevrolet,2021,117600,Riyadh,excellent,6,82,2025-05,36300
L01508,Hyundai,2024,22200,Riyadh,excellent,24,18,2024-03,100800
L01509,Lexus,2022,70400,Jeddah,good,12,46,2025-05,97100
L01510,Toyota,2014,221300,Dammam,excellent,7,40,2025-05,20400
L01511,Mercedes,2008,332400,Jeddah,good,5,75,2024-09,17900
L01512,Chevrolet,2015,173000,Dammam,excellent,4,70,2024-05,23100
L01513,Toyota,2012,211000,Riyadh,good,15,83,2024-10,14700
L01514,Toyota,2011,321800,Riyadh,excellent,8,77,2025-06,10900
L01515,Hyundai,2024,38200,Dammam,fair,9,2,2024-02,63200
L01516,BMW,2008,369200,Jeddah,good,10,48,2025-10,37900
L01517,Toyota,2017,175300,Riyadh,good,9,68,2024-01,38200
L01518,Hyundai,2025,18900,Riyadh,excellent,18,10,2024-12,65000
L01519,Nissan,2025,5900,Jeddah,excellent,16,55,2025-06,62300
L01520,Nissan,2025,13600,Riyadh,good,9,4,2024-04,49900
L01521,Ford,2025,21600,Riyadh,excellent,12,43,2024-06,73100
L01522,Hyundai,2023,42000,Jeddah,fair,22,25,2025-10,64400
L01523,Kia,2013,219100,Jeddah,excellent,10,75,2024-12,17400
L01524,Mercedes,2021,111800,Jeddah,fair,7,2,2025-09,80500
L01525,Hyundai,2024,10000,Riyadh,good,4,78,2025-04,74300
L01526,BMW,2021,117500,Jeddah,fair,6,44,2025-04,147300
L01527,Kia,2009,321000,Makkah,good,10,11,2024-10,9800
L01528,Hyundai,2009,316100,Riyadh,excellent,18,8,2024-05,9100
L01529,Mercedes,2010,367500,Dammam,fair,15,79,2025-10,34800
L01530,Toyota,2008,408300,Dammam,excellent,21,66,2025-08,11800
L01531,Mercedes,2009,362900,Riyadh,fair,14,22,2024-04,32300
L01532,Mercedes,2012,284800,Jeddah,fair,18,83,2025-05,29200
L01533,Mercedes,2016,204600,Riyadh,good,6,49,2024-11,49000
L01534,BMW,2019,115700,Jeddah,good,5,29,2024-12,95800
L01535,Toyota,2023,62600,Dammam,fair,12,86,2025-09,43200
L01536,Toyota,2018,149900,Riyadh,good,19,76,2024-05,34600
L01537,Toyota,2012,256100,Riyadh,good,17,86,2024-04,26100
L01538,Kia,2014,235300,Dammam,excellent,7,2,2024-06,12300
L01539,Kia,2016,180300,Riyadh,good,16,89,2024-04,38900
L01540,Kia,2010,358900,Jeddah,good,8,3,2024-06,8000
L01541,Chevrolet,2014,204200,Jeddah,excellent,4,4,2024-10,15200
L01542,Toyota,2023,42400,Jeddah,good,24,7,2024-12,62100
L01543,Ford,2020,113300,Riyadh,excellent,21,87,2024-06,38100
L01544,Kia,2019,112100,Riyadh,good,22,28,2024-10,37000
L01545,Hyundai,2009,318300,Jeddah,good,10,28,2024-04,10800
L01546,Toyota,2016,209900,Riyadh,excellent,23,21,2024-06,18300
L01547,Toyota,2023,50400,Dammam,fair,16,38,2025-09,65200
L01548,Hyundai,2024,49700,Riyadh,good,13,58,2025-10,89800
L01549,Lexus,2015,214300,Riyadh,good,9,61,2025-07,49800
L01550,BMW,2011,295800,Jeddah,fair,14,85,2025-03,26700
L01551,Hyundai,2010,253500,Riyadh,good,3,24,2024-03,8000
L01552,Kia,2025,11900,Makkah,excellent,24,4,2024-08,93800
L01553,Nissan,2009,325600,Dammam,good,19,35,2024-11,10000
L01554,Toyota,2020,101000,Riyadh,fair,20,75,2025-03,37100
L01555,Mazda,2024,36600,Riyadh,excellent,16,52,2025-08,72600
L01556,Toyota,2012,259700,Riyadh,excellent,6,77,2024-10,9400
L01557,Toyota,2013,255300,Jeddah,fair,18,41,2024-10,18900
L01558,Toyota,2019,127900,Dammam,fair,6,0,2024-01,36900
L01559,Mercedes,2021,118500,Jeddah,good,17,73,2024-01,97800
L01560,Kia,2014,222700,Riyadh,fair,21,71,2025-10,16600
L01561,Hyundai,2013,223400,Riyadh,good,16,53,2024-12,12700
L01562,Mercedes,2008,273400,Dammam,good,17,69,2024-04,27400
L01563,Kia,2019,124800,Riyadh,good,9,89,2025-10,34300
L01564,Ford,2015,255700,Makkah,fair,5,86,2025-05,17500
L01565,Nissan,2013,216100,Jeddah,good,23,49,2024-02,16600
L01566,Chevrolet,2014,245800,Riyadh,good,19,71,2024-01,27500
L01567,Toyota,2015,222000,Riyadh,good,16,62,2025-09,13100
L01568,Toyota,2021,86900,Dammam,good,19,9,2025-06,38000
L01569,Lexus,2009,310800,Dammam,excellent,4,54,2025-04,29200
L01570,Toyota,2010,291600,Jeddah,good,24,83,2024-10,14300
L01571,Nissan,2008,381200,Madinah,good,13,16,2024-12,8000
L01572,Nissan,2021,113600,Makkah,good,6,69,2025-06,27100
L01573,Toyota,2013,251700,Madinah,fair,4,48,2024-02,21700
L01574,Mercedes,2012,220000,Dammam,good,23,16,2024-10,26600
L01575,Mercedes,2020,134900,Riyadh,good,23,79,2025-09,87300
L01576,Kia,2017,153600,Dammam,excellent,13,84,2024-12,22900
L01577,Toyota,2017,120700,Dammam,excellent,21,16,2024-08,26500
L01578,Toyota,2019,156200,Jeddah,fair,6,2,2025-06,29900
L01579,Toyota,2018,107600,Riyadh,excellent,3,36,2025-01,42900
L01580,Kia,2010,293500,Jeddah,good,4,73,2024-03,21700
L01581,Ford,2017,169500,Jeddah,fair,20,12,2024-12,20000
L01582,Nissan,2024,31300,Dammam,excellent,6,35,2024-12,86200
L01583,Mazda,2019,134800,Makkah,good,19,14,2024-09,26600
L01584,Chevrolet,2012,250600,Makkah,excellent,4,84,2025-05,15500
L01585,Hyundai,2009,245800,Dammam,fair,5,20,2025-01,13500
L01586,Mazda,2019,137900,Jeddah,good,20,51,2024-02,27600
L01587,BMW,2016,193400,Riyadh,fair,17,8,2024-11,73000
L01588,Toyota,2018,141500,Jeddah,good,16,6,2024-01,42700
L01589,Chevrolet,2024,39700,Makkah,excellent,23,32,2025-03,79800
L01590,BMW,2011,279000,Jeddah,excellent,6,35,2025-04,29000
L01591,Mercedes,2011,320100,Riyadh,excellent,10,13,2025-05,37400
L01592,Nissan,2012,294400,Jeddah,good,5,72,2025-10,10600
L01593,Toyota,2017,213700,Riyadh,good,7,12,2024-07,23700
L01594,Ford,2018,70800,Jeddah,good,5,70,2025-02,29500
L01595,Toyota,2009,324800,Riyadh,fair,21,45,2024-07,10700
L01596,Lexus,2023,48900,Makkah,good,3,80,2024-12,160600
L01597,Nissan,2024,28000,Riyadh,excellent,22,4,2024-06,60100
L01598,Chevrolet,2017,161100,Riyadh,good,20,69,2024-04,32200
L01599,Kia,2023,71400,Riyadh,good,19,23,2025-01,33400
L01600,Ford,2015,196700,Dammam,good,20,20,2024-12,15700
L01601,Ford,2012,323200,Jeddah,excellent,12,1,2024-01,9000
L01602,Kia,2008,299400,Riyadh,good,4,29,2024-06,8900
L01603,Nissan,2019,152700,Dammam,good,16,67,2024-06,31000
L01604,Toyota,2019,148900,Riyadh,fair,5,54,2024-09,34000
L01605,Mazda,2008,254000,Jeddah,good,22,82,2024-10,10500
L01606,Chevrolet,2020,79600,Madinah,good,20,88,2025-01,50500
L01607,Toyota,2018,169600,Dammam,fair,12,11,2024-08,21100
L01608,Hyundai,2010,300600,Riyadh,good,11,35,2024-05,8000
L01609,Toyota,2012,331400,Jeddah,good,19,5,2025-08,13500
L01610,Chevrolet,2011,283300,Riyadh,good,19,2,2024-12,14000
L01611,Lexus,2015,194400,Makkah,fair,16,71,2024-01,50500
L01612,Mazda,2021,97800,Dammam,good,13,82,2025-01,53900
L01613,Chevrolet,2011,285000,Jeddah,fair,21,67,2024-09,8900
L01614,Lexus,2023,47600,Jeddah,good,7,58,2025-07,204300
L01615,Toyota,2024,27500,Riyadh,good,16,56,2024-05,56500
L01616,Mazda,2008,306400,Riyadh,good,15,67,2025-09,8000
L01617,Toyota,2008,329200,Makkah,good,4,29,2025-08,8400
L01618,Mercedes,2018,152200,Riyadh,excellent,13,7,2025-05,83100
L01619,Hyundai,2017,186400,Riyadh,excellent,11,85,2025-04,25200
L01620,Hyundai,2014,251300,Jeddah,good,10,31,2024-07,29100
L01621,Lexus,2008,389400,Jeddah,fair,7,36,2025-09,23900
L01622,Chevrolet,2009,288300,Riyadh,excellent,10,43,2024-03,12900
L01623,Ford,2018,179300,Madinah,fair,7,16,2025-05,22400
L01624,Ford,2010,360200,Jeddah,good,22,28,2025-01,10600
L01625,Mazda,2012,266700,Riyadh,good,23,89,2024-01,24600
L01626,Hyundai,2024,48600,Jeddah,excellent,11,70,2025-05,40900
L01627,Ford,2014,224100,Makkah,good,24,33,2024-03,26600
L01628,Nissan,2019,129300,Makkah,good,5,62,2024-04,26400
L01629,Toyota,2010,281000,Riyadh,excellent,23,62,2024-11,14800
L01630,BMW,2023,61100,Riyadh,good,12,72,2025-03,157900
L01631,Toyota,2022,94300,Riyadh,good,9,9,2024-10,33000
L01632,Kia,2024,6500,Dammam,excellent,12,50,2025-03,78800
L01633,Hyundai,2008,327400,Jeddah,good,24,56,2025-03,8000
L01634,Toyota,2023,27700,Jeddah,excellent,22,81,2024-04,48100
L01635,Kia,2011,247600,Dammam,good,23,82,2025-04,16500
L01636,Mazda,2020,112600,Dammam,excellent,3,2,2024-06,44200
L01637,Hyundai,2018,158600,Madinah,fair,7,50,2025-01,24400
L01638,Hyundai,2024,26000,Makkah,excellent,21,77,2024-10,41400
L01639,Hyundai,2022,102900,Dammam,good,9,62,2025-10,83700
L01640,Hyundai,2023,41800,Riyadh,good,8,35,2024-11,60900
L01641,Toyota,2012,270500,Madinah,good,15,33,2024-06,17800
L01642,Hyundai,2025,12300,Jeddah,good,12,82,2025-02,44700
L01643,Mercedes,2010,278300,Riyadh,good,20,4,2024-06,28800
L01644,Nissan,2019,162600,Madinah,good,3,66,2025-09,26300
L01645,Toyota,2014,227600,Makkah,good,11,36,2024-05,24400
L01646,Nissan,2020,96900,Riyadh,excellent,23,21,2024-10,32700
L01647,Nissan,2015,195300,Riyadh,fair,11,64,2024-09,18200
L01648,Toyota,2019,120800,Dammam,good,14,71,2024-05,47300
L01649,Ford,2012,234300,Makkah,excellent,20,54,2025-05,22300
L01650,Toyota,2019,105800,Jeddah,excellent,22,58,2025-07,23200
L01651,Chevrolet,2023,53700,Riyadh,good,10,87,2025-10,83000
L01652,Toyota,2020,127800,Jeddah,excellent,20,84,2024-06,27000
L01653,Kia,2017,172400,Dammam,good,23,43,2025-10,37200
L01654,Toyota,2011,214200,Riyadh,excellent,8,81,2024-12,13800
L01655,Toyota,2024,52400,Madinah,excellent,23,52,2024-11,45900
L01656,Toyota,2022,79300,Riyadh,excellent,22,49,2024-08,41400
L01657,Toyota,2009,279700,Makkah,excellent,10,44,2024-08,17300
L01658,Toyota,2014,249300,Riyadh,good,22,13,2025-09,26500
L01659,Nissan,2008,334600,Madinah,good,20,59,2025-10,17300
L01660,Ford,2009,340600,Jeddah,good,23,17,2024-06,8000
L01661,Toyota,2025,27700,Riyadh,good,11,69,2025-04,163000
L01662,Nissan,2016,199800,Makkah,excellent,4,79,2024-11,14200
L01663,Ford,2015,262700,Dammam,good,8,48,2025-07,21900
L01664,Lexus,2022,60500,Riyadh,excellent,17,57,2025-03,140800
L01665,Hyundai,2020,135600,Riyadh,good,16,22,2025-06,36300
L01666,Mercedes,2010,352100,Dammam,excellent,13,43,2024-03,39100
L01667,Lexus,2017,196200,Makkah,excellent,5,77,2025-05,47700
L01668,Lexus,2018,155500,Dammam,good,5,54,2024-09,65100
L01669,Mercedes,2011,281000,Riyadh,excellent,4,51,2024-12,31400
L01670,Nissan,2025,7900,Riyadh,good,3,14,2025-09,69600
L01671,Mercedes,2019,66900,Riyadh,good,11,24,2025-08,84400
L01672,Toyota,2018,180500,Makkah,good,12,25,2025-10,48800
L01673,Mercedes,2022,43300,Riyadh,good,11,62,2024-08,198700
L01674,Mazda,2015,249300,Riyadh,good,3,57,2024-01,23200
L01675,Nissan,2022,101100,Dammam,fair,16,74,2024-10,65800
L01676,Toyota,2013,263300,Dammam,good,18,34,2024-09,19300
L01677,BMW,2015,240800,Dammam,excellent,18,68,2025-04,62200
L01678,Kia,2010,289000,Riyadh,fair,16,44,2024-03,18200
L01679,Mercedes,2020,140300,Riyadh,excellent,4,33,2025-06,64200
L01680,BMW,2012,263600,Makkah,good,15,62,2025-09,54500
L01681,Mercedes,2011,237300,Riyadh,good,16,33,2024-06,36700
L01682,Toyota,2022,72400,Madinah,fair,13,17,2024-01,37300
L01683,Toyota,2023,68100,Jeddah,excellent,8,67,2025-06,85400
L01684,Nissan,2011,322900,Jeddah,excellent,13,11,2024-11,17100
L01685,Toyota,2025,22100,Makkah,excellent,7,52,2024-04,60300
L01686,Ford,2021,119500,Dammam,good,19,1,2024-05,59700
L01687,Kia,2023,71500,Riyadh,good,3,63,2024-05,49100
L01688,Toyota,2022,69900,Makkah,excellent,7,12,2025-05,66800
L01689,Toyota,2021,115700,Riyadh,good,10,88,2025-06,58000
L01690,Lexus,2014,202900,Jeddah,good,22,31,2024-10,88000
L01691,Ford,2017,182600,Dammam,good,22,81,2024-03,36600
L01692,Ford,2018,112400,Makkah,good,21,5,2025-10,20000
L01693,Ford,2025,13600,Riyadh,good,11,4,2024-10,97000
L01694,Hyundai,2021,114000,Jeddah,fair,14,4,2025-06,103200
L01695,Chevrolet,2009,323100,Dammam,fair,13,22,2025-01,22500
L01696,Hyundai,2021,86800,Riyadh,excellent,22,86,2025-04,34800
L01697,Hyundai,2010,343800,Madinah,excellent,16,5,2025-10,13200
L01698,Toyota,2013,294400,Makkah,excellent,24,9,2025-05,15500
L01699,Mazda,2017,169000,Dammam,excellent,5,41,2024-10,30000
L01700,BMW,2020,136600,Riyadh,good,21,52,2024-01,112900
L01701,Nissan,2019,108100,Jeddah,excellent,8,22,2025-07,43100
L01702,Hyundai,2017,215000,Dammam,excellent,13,25,2025-07,21500
L01703,Ford,2008,279800,Riyadh,excellent,7,42,2024-01,8000
L01704,Toyota,2018,161500,Riyadh,good,5,75,2025-04,34300
L01705,Ford,2025,36400,Riyadh,excellent,14,56,2024-02,70000
L01706,Lexus,2016,199300,Riyadh,good,8,18,2025-01,61300
L01707,Toyota,2024,54100,Jeddah,good,23,83,2024-07,33300
L01708,Mercedes,2015,154600,Jeddah,excellent,24,43,2024-04,70100
L01709,Toyota,2016,191900,Riyadh,fair,22,49,2025-05,25100
L01710,Toyota,2009,262200,Madinah,good,14,37,2025-06,8000
L01711,Toyota,2020,138200,Jeddah,good,3,76,2025-07,27500
L01712,Ford,2018,143600,Dammam,excellent,8,38,2025-10,30000
L01713,Kia,2013,250600,Madinah,good,3,11,2024-12,9300
L01714,Toyota,2024,51800,Makkah,good,24,27,2024-09,65000
L01715,Lexus,2009,345400,Dammam,good,6,20,2025-08,37800
L01716,Toyota,2023,47300,Makkah,good,9,47,2025-09,86900
L01717,Ford,2023,54800,Riyadh,excellent,5,32,2024-11,50300
L01718,Toyota,2021,91300,Riyadh,good,23,16,2024-11,59900
L01719,Mercedes,2011,280400,Dammam,good,12,76,2024-11,63600
L01720,Toyota,2022,67800,Riyadh,excellent,10,11,2024-04,57400
L01721,Nissan,2010,301600,Madinah,good,24,66,2025-06,13100
L01722,Toyota,2023,43000,Dammam,excellent,10,84,2025-05,50600
L01723,Hyundai,2014,179900,Riyadh,fair,21,35,2024-12,8700
L01724,Ford,2025,12300,Makkah,fair,23,4,2025-04,79000
L01725,Chevrolet,2024,28700,Jeddah,fair,8,76,2024-07,89200
L01726,Kia,2009,352900,Makkah,fair,5,66,2024-06,9900
L01727,Nissan,2025,7400,Riyadh,good,19,58,2025-01,109400
L01728,Nissan,2008,361600,Jeddah,good,17,76,2024-10,8000
L01729,Toyota,2015,208000,Jeddah,excellent,18,43,2025-01,9400
L01730,Ford,2024,36000,Riyadh,good,17,34,2025-08,51500
L01731,Nissan,2015,211800,Dammam,good,4,14,2024-06,27000
L01732,Hyundai,2024,29200,Riyadh,excellent,13,29,2024-09,74200
L01733,Chevrolet,2022,68900,Riyadh,excellent,7,71,2025-03,43800
L01734,Nissan,2008,386700,Madinah,good,5,30,2025-07,8000
L01735,Toyota,2014,214200,Riyadh,good,3,64,2025-04,25900
L01736,Toyota,2024,49800,Dammam,fair,15,72,2025-02,38500
L01737,Lexus,2025,2800,Riyadh,excellent,15,62,2024-03,217600
L01738,Nissan,2011,272900,Riyadh,good,12,23,2024-11,16500
L01739,Hyundai,2011,307100,Riyadh,good,8,67,2025-05,10800
L01740,Toyota,2017,138900,Jeddah,good,23,56,2025-06,20800
L01741,Kia,2022,96400,Jeddah,excellent,4,13,2025-06,52600
L01742,Lexus,2022,62500,Riyadh,good,23,34,2024-08,113700
L01743,Toyota,2009,280500,Madinah,fair,7,82,2024-05,13200
L01744,Toyota,2013,231000,Jeddah,excellent,16,5,2025-06,19800
L01745,Nissan,2009,306700,Dammam,fair,24,10,2024-03,9800
L01746,Toyota,2021,103200,Dammam,excellent,17,77,2024-04,46000
L01747,Ford,2012,245900,Riyadh,good,18,14,2025-06,13100
L01748,Hyundai,2009,351800,Dammam,excellent,10,4,2025-07,8000
L01749,Toyota,2015,176800,Madinah,fair,12,35,2024-06,17200
L01750,Toyota,2015,200900,Riyadh,good,16,12,2024-10,20000
L01751,Toyota,2013,241900,Jeddah,good,15,20,2024-10,20400
L01752,Hyundai,2017,193700,Dammam,fair,6,1,2024-12,27400
L01753,Chevrolet,2012,219300,Madinah,good,9,57,2025-10,16900
L01754,Chevrolet,2024,35100,Riyadh,excellent,6,23,2024-01,81200
L01755,Chevrolet,2022,65500,Jeddah,good,12,48,2024-08,47200
L01756,Ford,2025,500,Riyadh,fair,15,85,2025-05,53400
L01757,Ford,2014,261100,Riyadh,good,21,51,2025-03,19900
L01758,Toyota,2015,214500,Riyadh,good,13,13,2024-10,16100
L01759,Kia,2010,333300,Jeddah,excellent,19,13,2024-02,8200
L01760,Nissan,2011,250800,Riyadh,good,21,79,2025-01,11300
L01761,Kia,2019,146800,Riyadh,fair,17,70,2025-04,31600
L01762,Nissan,2019,107800,Jeddah,fair,18,65,2025-04,26600
L01763,Kia,2020,121000,Madinah,good,21,29,2025-07,44500
L01764,Mercedes,2014,203700,Riyadh,good,20,71,2025-07,31400
L01765,Toyota,2010,324700,Jeddah,excellent,22,50,2024-12,13600
L01766,Kia,2014,196400,Riyadh,good,24,81,2025-02,23000
L01767,Nissan,2016,190400,Jeddah,excellent,4,49,2024-12,32800
L01768,Kia,2024,62400,Riyadh,fair,6,69,2024-03,88100
L01769,Toyota,2019,110700,Riyadh,good,24,32,2024-07,43500
L01770,Toyota,2008,377900,Riyadh,good,17,81,2024-05,13300
L01771,Nissan,2012,258400,Jeddah,fair,20,11,2024-09,16800
L01772,Ford,2023,67000,Riyadh,good,18,16,2024-03,34100
L01773,Nissan,2017,161000,Riyadh,good,3,46,2024-07,26100
L01774,Kia,2020,103200,Dammam,good,11,12,2024-11,34700
L01775,Mercedes,2014,266100,Riyadh,good,11,59,2024-10,46200
L01776,Chevrolet,2013,226200,Makkah,good,8,34,2024-11,13600
L01777,BMW,2008,315600,Riyadh,excellent,12,66,2025-09,25600
L01778,Mercedes,2016,200800,Riyadh,good,6,24,2024-09,108300
L01779,Toyota,2016,168300,Riyadh,good,23,42,2024-10,38500
L01780,Ford,2015,238000,Dammam,excellent,5,1,2024-09,19500
L01781,Toyota,2025,5800,Jeddah,excellent,12,51,2024-04,64500
L01782,Nissan,2020,135000,Jeddah,excellent,11,35,2025-02,43600
L01783,Ford,2022,64900,Jeddah,excellent,8,49,2025-06,35800
L01784,Hyundai,2025,18800,Jeddah,excellent,10,40,2024-04,80900
L01785,Toyota,2009,302400,Jeddah,good,16,0,2025-02,8300
L01786,Chevrolet,2018,150100,Madinah,fair,14,78,2025-04,47900
L01787,Toyota,2011,338400,Riyadh,good,24,45,2025-07,22300
L01788,BMW,2011,334400,Jeddah,fair,6,46,2025-09,63900
L01789,Chevrolet,2010,326700,Riyadh,excellent,7,9,2025-04,10900
L01790,Hyundai,2009,367800,Riyadh,good,17,70,2024-01,12000
L01791,Hyundai,2023,58800,Makkah,excellent,12,0,2024-08,64400
L01792,Toyota,2015,178700,Madinah,good,9,21,2024-05,15300
L01793,Ford,2025,16700,Jeddah,excellent,4,66,2025-10,96700
L01794,Hyundai,2009,360300,Riyadh,good,8,18,2025-07,8800
L01795,Hyundai,2024,39000,Dammam,fair,16,48,2024-10,55200
L01796,Nissan,2015,181100,Riyadh,good,10,71,2025-07,30400
L01797,Ford,2010,290800,Makkah,good,3,57,2025-05,11800
L01798,Mercedes,2023,47800,Riyadh,fair,13,77,2024-04,143300
L01799,Chevrolet,2008,379500,Jeddah,excellent,3,40,2024-08,8000
L01800,Toyota,2023,55100,Makkah,fair,18,61,2025-05,82500
L01801,Toyota,2015,254800,Madinah,good,16,29,2024-10,32600
L01802,Mercedes,2011,309300,Riyadh,excellent,9,82,2024-06,39200
L01803,Toyota,2012,234800,Jeddah,good,7,47,2024-05,10200
L01804,Nissan,2025,20300,Makkah,good,11,20,2024-02,46200
L01805,Nissan,2020,124800,Riyadh,good,12,2,2025-09,44500
L01806,Kia,2016,188600,Riyadh,good,18,71,2025-08,11800
L01807,Nissan,2024,19400,Riyadh,fair,13,27,2025-01,60200
L01808,Toyota,2020,124000,Jeddah,fair,10,47,2025-07,33200
L01809,Mazda,2009,320700,Jeddah,excellent,15,79,2024-07,9800
L01810,Nissan,2025,22700,Jeddah,good,21,60,2024-11,42500
L01811,Toyota,2011,236800,Makkah,fair,17,67,2024-05,8600
L01812,Toyota,2021,108200,Riyadh,good,22,74,2024-12,52100
L01813,Toyota,2009,302500,Dammam,fair,21,9,2025-07,9300
L01814,Hyundai,2025,17900,Riyadh,good,6,57,2025-03,136100
L01815,Ford,2011,313000,Dammam,excellent,21,7,2025-05,13400
L01816,BMW,2017,168300,Riyadh,excellent,22,79,2025-09,55600
L01817,Chevrolet,2017,134300,Riyadh,fair,17,39,2024-08,23100
L01818,Toyota,2016,199800,Jeddah,good,14,24,2025-08,36800
L01819,Kia,2021,98500,Riyadh,good,19,35,2024-01,56400
L01820,Mercedes,2013,240300,Riyadh,excellent,23,80,2025-10,77700
L01821,Hyundai,2011,368500,Jeddah,excellent,23,59,2025-02,17500
L01822,Hyundai,2013,243300,Jeddah,excellent,23,68,2025-04,13000
L01823,Chevrolet,2010,317300,Riyadh,fair,6,51,2024-06,13100
L01824,Kia,2018,184200,Makkah,excellent,9,74,2024-03,22300
L01825,Nissan,2023,64500,Riyadh,excellent,3,25,2025-07,72200
L01826,Hyundai,2013,233800,Jeddah,good,8,46,2025-08,23800
L01827,Nissan,2010,284200,Dammam,excellent,23,19,2025-08,13800
L01828,Toyota,2014,215400,Dammam,fair,7,48,2025-08,15100
L01829,Hyundai,2016,198200,Riyadh,excellent,3,21,2025-06,23500
L01830,Toyota,2023,49500,Riyadh,good,14,38,2025-03,54900
L01831,Hyundai,2021,106000,Riyadh,good,9,26,2024-12,38800
L01832,Nissan,2010,295000,Riyadh,good,10,7,2025-06,12900
L01833,Toyota,2024,39000,Dammam,good,6,29,2025-04,116400
L01834,Kia,2009,305500,Madinah,good,9,42,2025-03,8000
L01835,Lexus,2020,122500,Jeddah,fair,17,40,2024-08,126500
L01836,Toyota,2011,258200,Jeddah,fair,16,70,2025-03,13500
L01837,Nissan,2020,98100,Jeddah,good,22,87,2025-06,24200
L01838,Hyundai,2022,89900,Jeddah,good,4,56,2025-08,59200
L01839,Chevrolet,2009,387500,Jeddah,good,5,37,2025-02,8900
L01840,Toyota,2022,79900,Makkah,good,15,28,2025-10,99100
L01841,Toyota,2023,56900,Dammam,excellent,3,73,2025-01,69600
L01842,Toyota,2016,174500,Jeddah,excellent,12,35,2025-03,17700
L01843,Chevrolet,2009,281700,Riyadh,good,12,57,2025-01,20200
L01844,Mazda,2012,226100,Riyadh,good,8,68,2024-11,16500
L01845,Hyundai,2008,353200,Riyadh,fair,5,53,2024-04,8700
L01846,Toyota,2012,232400,Riyadh,good,20,58,2025-01,25000
L01847,Toyota,2022,91100,Jeddah,fair,18,65,2024-12,62400
L01848,Toyota,2022,67500,Dammam,excellent,17,36,2025-09,61300
L01849,Hyundai,2010,249000,Riyadh,excellent,18,15,2024-10,11100
L01850,Kia,2009,284700,Jeddah,excellent,9,86,2024-09,10600
L01851,Kia,2020,90600,Jeddah,excellent,3,24,2024-06,43600
L01852,Toyota,2012,246400,Madinah,fair,23,52,2024-12,21100
L01853,Kia,2024,32000,Riyadh,good,10,32,2024-08,57500
L01854,Toyota,2018,161500,Riyadh,good,20,53,2024-06,23400
L01855,Toyota,2008,333100,Madinah,excellent,19,15,2024-06,8000
L01856,Ford,2024,15300,Riyadh,excellent,8,24,2025-07,95500
L01857,Ford,2009,344800,Riyadh,good,24,12,2024-08,15300
L01858,Hyundai,2021,94800,Jeddah,good,20,2,2025-02,52300
L01859,Lexus,2019,179500,Dammam,excellent,24,83,2025-02,110300
L01860,Kia,2008,325300,Jeddah,good,9,82,2025-05,8000
L01861,Toyota,2019,120300,Riyadh,excellent,22,77,2025-09,53000
L01862,Chevrolet,2010,293100,Dammam,good,14,63,2025-08,8000
L01863,Ford,2015,203300,Jeddah,good,22,10,2024-05,21000
L01864,Nissan,2008,292100,Jeddah,excellent,18,55,2025-08,10600
L01865,Mazda,2022,81500,Makkah,excellent,20,71,2024-07,47700
L01866,Mercedes,2022,97000,Dammam,excellent,13,51,2025-05,184500
L01867,Nissan,2022,93300,Jeddah,excellent,4,74,2024-08,36000
L01868,Hyundai,2009,329900,Madinah,excellent,15,17,2025-07,11600
L01869,Nissan,2013,191700,Riyadh,good,21,17,2025-05,14000
L01870,Hyundai,2023,58400,Makkah,fair,4,76,2024-01,55800
L01871,Chevrolet,2013,287000,Riyadh,excellent,9,65,2024-06,14200
L01872,Nissan,2016,228400,Riyadh,excellent,12,12,2025-09,24900
L01873,Kia,2021,87700,Jeddah,good,10,13,2024-01,37400
L01874,Ford,2025,31100,Dammam,excellent,3,55,2025-03,42300
L01875,Ford,2016,177700,Riyadh,good,6,65,2025-03,26600
L01876,Toyota,2014,222500,Madinah,good,5,44,2025-08,13500
L01877,Ford,2015,229300,Jeddah,good,12,65,2025-02,19800
L01878,Lexus,2019,153800,Madinah,fair,8,10,2025-07,71900
L01879,Kia,2018,107900,Dammam,fair,15,64,2024-01,30600
L01880,Hyundai,2022,82600,Riyadh,fair,7,53,2024-04,45400
L01881,Kia,2012,269300,Dammam,good,23,44,2025-09,15000
L01882,Hyundai,2024,34500,Riyadh,fair,4,80,2024-05,90400
L01883,Nissan,2014,236000,Riyadh,good,13,12,2024-12,22600
L01884,Chevrolet,2013,205300,Jeddah,good,7,69,2024-06,29500
L01885,Ford,2008,340000,Riyadh,excellent,20,72,2025-10,14300
L01886,Nissan,2020,123800,Riyadh,excellent,7,19,2025-06,36300
L01887,Hyundai,2022,77200,Dammam,good,6,11,2025-04,38700
L01888,Toyota,2009,337800,Jeddah,fair,22,29,2025-08,8800
L01889,Nissan,2025,8500,Makkah,good,4,5,2024-01,75900
L01890,Chevrolet,2015,278000,Riyadh,good,10,8,2024-04,22200
L01891,Nissan,2016,224500,Jeddah,fair,6,42,2025-01,38100
L01892,Hyundai,2015,183200,Makkah,fair,19,72,2024-09,19000
L01893,Nissan,2015,204100,Makkah,good,3,47,2025-10,18300
L01894,Hyundai,2013,268100,Riyadh,good,16,89,2024-07,11800
L01895,BMW,2019,114900,Makkah,excellent,10,4,2024-01,119500
L01896,Mazda,2020,136000,Riyadh,good,16,17,2025-05,64700
L01897,Mercedes,2020,104000,Riyadh,good,10,55,2024-02,100800
L01898,Toyota,2013,293000,Riyadh,fair,8,35,2024-10,17300
L01899,Toyota,2025,500,Madinah,fair,21,41,2024-12,78300
L01900,Ford,2016,141800,Riyadh,good,6,45,2024-06,27700
L01901,Nissan,2012,268700,Riyadh,fair,8,37,2024-10,18700
L01902,Toyota,2023,71500,Madinah,excellent,6,0,2024-06,46100
L01903,Toyota,2018,127900,Jeddah,fair,10,44,2025-04,26900
L01904,Hyundai,2008,356600,Dammam,fair,9,89,2024-11,17700
L01905,Toyota,2022,72500,Riyadh,fair,13,59,2024-05,52800
L01906,Toyota,2024,33900,Riyadh,good,24,61,2025-01,76700
L01907,BMW,2014,204900,Dammam,good,18,70,2025-04,49300
L01908,Ford,2011,282100,Riyadh,excellent,18,11,2024-06,20800
L01909,Toyota,2022,60500,Jeddah,excellent,21,38,2024-12,51800
L01910,Ford,2022,66700,Riyadh,excellent,5,28,2024-08,60100
L01911,Hyundai,2025,30100,Riyadh,good,4,12,2024-01,79800
L01912,Toyota,2014,246300,Jeddah,good,3,82,2025-03,27400
L01913,Toyota,2013,314800,Madinah,good,19,86,2025-01,15300
L01914,Hyundai,2021,79200,Dammam,excellent,18,38,2024-08,30100
L01915,Chevrolet,2015,208800,Dammam,fair,3,65,2025-06,31500
L01916,BMW,2012,219600,Makkah,excellent,16,53,2024-08,33000
L01917,Mazda,2016,215400,Jeddah,good,18,83,2024-05,21500
L01918,Toyota,2024,64000,Makkah,fair,24,37,2024-09,45800
L01919,Nissan,2009,313600,Riyadh,fair,4,57,2024-07,10100
L01920,Hyundai,2013,316200,Madinah,good,23,56,2024-03,17100
L01921,Mazda,2019,136900,Riyadh,good,24,15,2024-08,29300
L01922,Nissan,2024,41100,Riyadh,excellent,15,23,2025-08,105600
L01923,Chevrolet,2012,269900,Riyadh,good,16,82,2024-11,14300
L01924,Hyundai,2016,139400,Jeddah,good,18,6,2024-12,24500
L01925,Toyota,2025,10700,Madinah,good,14,84,2025-06,57700
L01926,Ford,2010,319800,Jeddah,excellent,14,81,2024-05,11300
L01927,Nissan,2009,356900,Riyadh,good,5,66,2024-05,8000
L01928,Mercedes,2019,145100,Riyadh,excellent,14,37,2024-07,148800
L01929,Hyundai,2024,17700,Jeddah,good,16,75,2024-05,73200
L01930,Nissan,2012,258300,Dammam,fair,20,45,2024-03,12100
L01931,Mazda,2025,14400,Jeddah,excellent,20,38,2024-07,91000
L01932,Nissan,2018,143500,Madinah,fair,16,28,2024-06,37600
L01933,Hyundai,2019,127400,Riyadh,good,19,76,2024-09,50500
L01934,Toyota,2009,343400,Dammam,good,4,31,2024-09,11300
L01935,Toyota,2024,20300,Jeddah,good,17,32,2024-03,49800
L01936,Hyundai,2015,236500,Riyadh,excellent,11,27,2025-05,32300
L01937,BMW,2008,288800,Riyadh,excellent,20,57,2024-07,26000
L01938,Kia,2016,181300,Riyadh,excellent,8,40,2024-09,31400
L01939,Toyota,2018,155600,Dammam,fair,12,87,2024-05,42900
L01940,Hyundai,2023,38600,Jeddah,good,18,80,2024-09,85500
L01941,Toyota,2023,71200,Riyadh,good,21,14,2025-08,61400
L01942,Toyota,2012,278800,Riyadh,good,14,6,2024-04,14400
L01943,Nissan,2021,94200,Jeddah,good,24,45,2024-10,51200
L01944,Hyundai,2015,236300,Dammam,fair,12,46,2024-05,31400
L01945,Chevrolet,2014,209600,Makkah,good,23,30,2024-12,29800
L01946,Toyota,2013,259100,Riyadh,fair,11,5,2024-07,15600
L01947,Toyota,2020,110900,Madinah,good,24,83,2024-12,48400
L01948,Hyundai,2025,18400,Riyadh,excellent,6,11,2025-07,67600
L01949,Lexus,2010,319800,Madinah,fair,9,11,2024-03,17200
L01950,Toyota,2010,263100,Jeddah,good,7,79,2024-08,16800
L01951,Kia,2015,222600,Jeddah,good,18,72,2025-07,21100
L01952,Toyota,2020,98900,Dammam,good,20,0,2025-05,31900
L01953,BMW,2012,198700,Riyadh,good,15,11,2024-05,31100
L01954,Toyota,2011,225500,Riyadh,fair,13,75,2024-10,9100
L01955,Kia,2022,89900,Riyadh,good,12,60,2024-04,46500
L01956,Toyota,2010,318400,Riyadh,fair,16,67,2025-07,8000
L01957,Chevrolet,2009,339300,Dammam,good,10,70,2025-02,10200
L01958,BMW,2013,224400,Riyadh,good,18,77,2025-08,57800
L01959,Kia,2014,245400,Madinah,excellent,5,86,2024-08,14200
L01960,Toyota,2014,250200,Riyadh,fair,11,64,2024-04,16700
L01961,Ford,2009,302600,Madinah,excellent,15,86,2025-08,14500
L01962,Nissan,2025,18200,Makkah,fair,13,64,2024-06,53300
L01963,Toyota,2013,232300,Dammam,excellent,15,3,2025-05,19800
L01964,Nissan,2011,252300,Dammam,fair,16,25,2025-09,13500
L01965,Chevrolet,2014,237800,Jeddah,fair,9,37,2024-04,18600
L01966,Hyundai,2023,59000,Riyadh,excellent,13,40,2025-08,41600
L01967,Mazda,2010,300200,Jeddah,good,14,78,2025-05,11600
L01968,Ford,2024,15600,Riyadh,fair,10,16,2024-04,77500
L01969,Toyota,2020,147300,Riyadh,good,15,87,2024-09,30600
L01970,Hyundai,2018,158700,Riyadh,excellent,23,63,2025-03,22000
L01971,Toyota,2013,255900,Madinah,fair,10,23,2025-04,13000
L01972,Kia,2019,158600,Makkah,good,7,31,2024-12,28100
L01973,Hyundai,2017,129900,Makkah,good,19,29,2024-06,24700
L01974,Ford,2013,272300,Makkah,excellent,21,15,2024-01,20300
L01975,Hyundai,2019,167800,Dammam,good,9,11,2024-08,29300
L01976,Hyundai,2020,86000,Riyadh,fair,23,83,2025-08,22600
L01977,Toyota,2012,274300,Jeddah,fair,4,19,2025-07,11900
L01978,Toyota,2018,159700,Riyadh,good,17,8,2024-10,31500
L01979,Ford,2016,229000,Jeddah,fair,14,56,2024-09,19600
L01980,Toyota,2009,269100,Jeddah,good,23,68,2025-05,9300
L01981,BMW,2021,85800,Riyadh,excellent,20,73,2024-10,80800
L01982,Mazda,2020,104800,Riyadh,good,23,15,2024-11,25500
L01983,Mercedes,2016,186900,Riyadh,fair,13,26,2025-06,43400
L01984,Toyota,2016,196300,Riyadh,fair,8,18,2024-04,28400
L01985,Nissan,2010,249500,Makkah,fair,24,24,2024-03,19000
L01986,Hyundai,2016,225500,Jeddah,fair,5,15,2025-08,22400
L01987,Toyota,2009,339800,Jeddah,good,12,14,2024-10,10900
L01988,Hyundai,2010,289500,Madinah,good,24,21,2024-12,13600
L01989,Toyota,2020,128100,Dammam,good,22,55,2024-05,31900
L01990,Toyota,2009,346500,Riyadh,good,23,43,2024-08,9700
L01991,Chevrolet,2018,114200,Jeddah,good,5,36,2025-04,51500
L01992,Lexus,2019,141100,Jeddah,good,20,63,2024-06,93000
L01993,Hyundai,2015,221000,Madinah,good,17,49,2024-04,19200
L01994,Toyota,2019,114600,Riyadh,good,11,77,2024-12,34600
L01995,Mercedes,2019,124100,Riyadh,fair,10,14,2024-01,74400
L01996,Kia,2022,60300,Jeddah,good,4,35,2025-01,34900
L01997,Chevrolet,2023,34900,Riyadh,good,8,71,2025-03,71800
L01998,Toyota,2025,25500,Riyadh,fair,23,75,2025-05,60300
L01999,Ford,2009,298500,Jeddah,good,21,65,2024-08,13300
L02000,Chevrolet,2009,318800,Jeddah,excellent,7,86,2025-07,8000
